BEGIN TRANSACTION;
CREATE TABLE IF NOT EXISTS "codigos_postales" (
	"cp"	VARCHAR(4) NOT NULL,
	"partido"	VARCHAR(40),
	"localidad"	VARCHAR(40),
	"barrio"	VARCHAR(40),
	"cordon"	VARCHAR(40),
	"provincia"	VARCHAR(40),
	PRIMARY KEY("cp")
);
CREATE TABLE IF NOT EXISTS "company" (
	"store_id"	VARCHAR(64) NOT NULL,
	"platform"	VARCHAR(64),
	"platform_token_type"	VARCHAR(30),
	"platform_access_token"	VARCHAR(64),
	"store_name"	VARCHAR(120),
	"store_main_language"	VARCHAR(20),
	"store_main_currency"	VARCHAR(20),
	"store_country"	VARCHAR(20),
	"store_url"	VARCHAR(120),
	"store_plan"	VARCHAR(64),
	"store_phone"	VARCHAR(30),
	"store_address"	VARCHAR(120),
	"store_idfiscal"	VARCHAR(20),
	"admin_email"	VARCHAR(120),
	"communication_email"	VARCHAR(120),
	"communication_email_name"	VARCHAR(120),
	"param_logo"	VARCHAR(200),
	"param_fondo"	VARCHAR(120),
	"param_config"	VARCHAR(120),
	"contact_name"	VARCHAR(64),
	"contact_phone"	VARCHAR(15),
	"contact_email"	VARCHAR(120),
	"correo_usado"	VARCHAR(64),
	"correo_apikey"	VARCHAR(50),
	"correo_id"	VARCHAR(50),
	"correo_test"	BOOLEAN,
	"correo_cost"	VARCHAR(15),
	"stock_vuelve_config"	BOOLEAN,
	"correo_apikey_test"	VARCHAR(50),
	"correo_id_test"	VARCHAR(50),
	"shipping_address"	VARCHAR(64),
	"shipping_number"	VARCHAR(64),
	"shipping_floor"	VARCHAR(64),
	"shipping_zipcode"	VARCHAR(64),
	"shipping_city"	VARCHAR(64),
	"shipping_province"	VARCHAR(64),
	"shipping_country"	VARCHAR(64),
	"shipping_info"	VARCHAR(120),
	"aprobado_note"	VARCHAR(2000),
	"rechazado_note"	VARCHAR(2000),
	"envio_manual_note"	VARCHAR(2000),
	"envio_coordinar_note"	VARCHAR(2000),
	"envio_correo_note"	VARCHAR(2000),
	"cupon_generado_note"	VARCHAR(2000),
	"finalizado_note"	VARCHAR(2000),
	"confirma_manual_note"	VARCHAR(2000),
	"confirma_coordinar_note"	VARCHAR(2000),
	"confirma_domicilio_note"	VARCHAR(2000),
	"confirma_retiro_note"	VARCHAR(2000),
	"orden_solicitada_asunto"	VARCHAR(120),
	"orden_iniciada_asunto"	VARCHAR(120),
	"orden_confirmada_asunto"	VARCHAR(120),
	"orden_rechazada_asunto"	VARCHAR(120),
	"orden_aprobada_asunto"	VARCHAR(120),
	"cupon_generado_asunto"	VARCHAR(120),
	"orden_finalizada_asunto"	VARCHAR(120),
	"orden_solicitada_habilitado"	BOOLEAN,
	"orden_iniciada_habilitado"	BOOLEAN,
	"orden_confirmada_habilitado"	BOOLEAN,
	"orden_rechazada_habilitado"	BOOLEAN,
	"orden_aprobada_habilitado"	BOOLEAN,
	"cupon_generado_habilitado"	BOOLEAN,
	"orden_finalizada_habilitado"	BOOLEAN,
	"encuesta"	BOOLEAN,
	"habilitado"	BOOLEAN,
	"pagos"	BOOLEAN,
	"start_date"	DATETIME,
	"demo_store"	BOOLEAN,
	"rubro_tienda"	VARCHAR(64),
	"plan_boris"	VARCHAR(64),
	CHECK("correo_test" IN (0, 1)),
	PRIMARY KEY("store_id"),
	CHECK("pagos" IN (0, 1)),
	CHECK("stock_vuelve_config" IN (0, 1)),
	CHECK("orden_iniciada_habilitado" IN (0, 1)),
	CHECK("cupon_generado_habilitado" IN (0, 1)),
	CHECK("orden_aprobada_habilitado" IN (0, 1)),
	CHECK("encuesta" IN (0, 1)),
	CHECK("habilitado" IN (0, 1)),
	CHECK("orden_rechazada_habilitado" IN (0, 1)),
	CHECK("orden_finalizada_habilitado" IN (0, 1)),
	CHECK("orden_confirmada_habilitado" IN (0, 1)),
	CHECK("demo_store" IN (0, 1)),
	CHECK("orden_solicitada_habilitado" IN (0, 1))
);
CREATE TABLE IF NOT EXISTS "correos" (
	"correo_id"	VARCHAR(15) NOT NULL,
	"correo_descripcion"	VARCHAR(150),
	"correo_mail"	VARCHAR(120),
	PRIMARY KEY("correo_id")
);
CREATE TABLE IF NOT EXISTS "customer" (
	"id"	VARCHAR(150) NOT NULL,
	"platform"	VARCHAR(64),
	"name"	VARCHAR(64),
	"email"	VARCHAR(120),
	"identification"	VARCHAR(20),
	"phone"	VARCHAR(15),
	PRIMARY KEY("id")
);
CREATE TABLE IF NOT EXISTS "metodos_envios" (
	"metodo_envio_id"	VARCHAR(20) NOT NULL,
	"metodo_envio_descripcion"	VARCHAR(200),
	"carrier"	BOOLEAN,
	"direccion_obligatoria"	BOOLEAN,
	"icon"	VARCHAR(50),
	PRIMARY KEY("metodo_envio_id"),
	CHECK("carrier" IN (0, 1)),
	CHECK("direccion_obligatoria" IN (0, 1))
);
CREATE TABLE IF NOT EXISTS "CONF_boris" (
	"store"	VARCHAR(64) NOT NULL,
	"ventana_cambios"	INTEGER,
	"ventana_devolucion"	INTEGER,
	"cambio_otra_cosa"	BOOLEAN,
	"cambio_cupon"	BOOLEAN,
	"observaciones"	BOOLEAN,
	"cambio_opcion"	VARCHAR(200),
	"cambio_opcion_cupon"	VARCHAR(150),
	"cambio_opcion_otra_cosa"	VARCHAR(150),
	"portal_empresa"	VARCHAR(150),
	"portal_titulo"	VARCHAR(250),
	"portal_texto"	VARCHAR(250),
	FOREIGN KEY("store") REFERENCES "company"("store_id"),
	PRIMARY KEY("store"),
	CHECK("observaciones" IN (0, 1)),
	CHECK("cambio_cupon" IN (0, 1)),
	CHECK("cambio_otra_cosa" IN (0, 1))
);
CREATE TABLE IF NOT EXISTS "CONF_correo" (
	"id"	VARCHAR(20) NOT NULL,
	"store"	VARCHAR(64),
	"correo_id"	VARCHAR(15),
	"cliente_apikey"	VARCHAR(100),
	"cliente_id"	VARCHAR(50),
	"user"	VARCHAR(50),
	"passw"	VARCHAR(50),
	"habilitado"	BOOLEAN,
	FOREIGN KEY("correo_id") REFERENCES "correos"("correo_id"),
	FOREIGN KEY("store") REFERENCES "company"("store_id"),
	PRIMARY KEY("id"),
	CHECK("habilitado" IN (0, 1))
);
CREATE TABLE IF NOT EXISTS "CONF_envios" (
	"store"	VARCHAR(64) NOT NULL,
	"metodo_envio"	VARCHAR(200) NOT NULL,
	"habilitado"	BOOLEAN,
	"titulo_boton"	VARCHAR(150),
	"descripcion_boton"	VARCHAR(350),
	FOREIGN KEY("store") REFERENCES "company"("store_id"),
	PRIMARY KEY("store","metodo_envio"),
	CHECK("habilitado" IN (0, 1))
);
CREATE TABLE IF NOT EXISTS "CONF_metodos_envios" (
	"store"	VARCHAR(64) NOT NULL,
	"metodo_envio_id"	VARCHAR(20) NOT NULL,
	"habilitado"	BOOLEAN,
	"titulo_boton"	VARCHAR(150),
	"descripcion_boton"	VARCHAR(350),
	"correo_id"	VARCHAR(10),
	"correo_descripcion"	VARCHAR(150),
	"correo_servicio"	VARCHAR(50),
	"correo_sucursal"	VARCHAR(50),
	"costo_envio"	VARCHAR(15),
	"instrucciones_entrega"	TEXT,
	"roundtrip"	BOOLEAN,
	"icon"	VARCHAR(50),
	FOREIGN KEY("metodo_envio_id") REFERENCES "metodos_envios"("metodo_envio_id"),
	FOREIGN KEY("store") REFERENCES "company"("store_id"),
	PRIMARY KEY("store","metodo_envio_id"),
	CHECK("habilitado" IN (0, 1)),
	CHECK("roundtrip" IN (0, 1))
);
CREATE TABLE IF NOT EXISTS "CONF_motivos" (
	"store"	VARCHAR(64) NOT NULL,
	"id_motivo"	INTEGER NOT NULL,
	"motivo"	VARCHAR(35),
	"tipo_motivo"	VARCHAR(35),
	FOREIGN KEY("store") REFERENCES "company"("store_id"),
	PRIMARY KEY("store","id_motivo")
);
CREATE TABLE IF NOT EXISTS "categories_filter" (
	"store"	VARCHAR(64) NOT NULL,
	"category_id"	INTEGER NOT NULL,
	"category_desc"	VARCHAR(100),
	FOREIGN KEY("store") REFERENCES "company"("store_id"),
	PRIMARY KEY("store","category_id")
);
CREATE TABLE IF NOT EXISTS "order_header" (
	"id"	INTEGER NOT NULL,
	"order_number"	INTEGER,
	"order_id_anterior"	VARCHAR(150),
	"date_creation"	DATETIME,
	"date_closed"	DATETIME,
	"date_lastupdate"	DATETIME,
	"gastos_cupon"	FLOAT,
	"salientes"	VARCHAR(10),
	"gastos_gateway"	FLOAT,
	"gastos_shipping_owner"	FLOAT,
	"gastos_shipping_customer"	FLOAT,
	"gastos_promocion"	FLOAT,
	"payment_method"	VARCHAR(35),
	"payment_card"	VARCHAR(35),
	"courier_method"	VARCHAR(64),
	"metodo_envio_correo"	VARCHAR(64),
	"metodo_envio_guia"	VARCHAR(64),
	"etiqueta_generada"	BOOLEAN,
	"courier_precio"	VARCHAR(20),
	"reembolsado"	BOOLEAN,
	"reembolso_metodo"	VARCHAR(20),
	"courier_coordinar_empresa"	VARCHAR(120),
	"courier_coordinar_guia"	VARCHAR(250),
	"courier_coordinar_roundtrip"	BOOLEAN,
	"nuevo_envio"	VARCHAR(100),
	"nuevo_envio_costo"	FLOAT,
	"nuevo_envio_total"	FLOAT,
	"status"	VARCHAR(25),
	"sub_status"	VARCHAR(25),
	"status_resumen"	VARCHAR(25),
	"reject_reason"	VARCHAR(350),
	"customer_address"	VARCHAR(250),
	"customer_number"	VARCHAR(50),
	"customer_floor"	VARCHAR(250),
	"customer_zipcode"	VARCHAR(8),
	"customer_locality"	VARCHAR(250),
	"customer_city"	VARCHAR(64),
	"customer_province"	VARCHAR(64),
	"customer_country"	VARCHAR(64),
	"note"	TEXT,
	"customer_id"	VARCHAR(150),
	"store"	VARCHAR(64),
	FOREIGN KEY("customer_id") REFERENCES "customer"("id"),
	FOREIGN KEY("store") REFERENCES "company"("store_id"),
	PRIMARY KEY("id"),
	CHECK("etiqueta_generada" IN (0, 1)),
	CHECK("reembolsado" IN (0, 1)),
	CHECK("courier_coordinar_roundtrip" IN (0, 1))
);
CREATE TABLE IF NOT EXISTS "user" (
	"id"	INTEGER NOT NULL,
	"username"	VARCHAR(64),
	"identification"	VARCHAR(64),
	"email"	VARCHAR(120),
	"password_hash"	VARCHAR(128),
	"last_seen"	DATETIME,
	"store"	VARCHAR(64),
	FOREIGN KEY("store") REFERENCES "company"("store_id"),
	PRIMARY KEY("id")
);
CREATE TABLE IF NOT EXISTS "order_detail" (
	"order_line_number"	VARCHAR(150) NOT NULL,
	"line_number"	INTEGER,
	"prod_id"	VARCHAR(64),
	"name"	VARCHAR(200),
	"variant"	VARCHAR(64),
	"accion"	VARCHAR(10),
	"accion_cambiar_por"	VARCHAR(64),
	"accion_cambiar_por_prod_id"	VARCHAR(64),
	"accion_cambiar_por_desc"	VARCHAR(120),
	"accion_cantidad"	INTEGER,
	"motivo"	VARCHAR(50),
	"monto_a_devolver"	FLOAT,
	"monto_devuelto"	FLOAT,
	"nuevo_envio"	VARCHAR(100),
	"restock"	VARCHAR(30),
	"precio"	FLOAT,
	"alto"	FLOAT,
	"largo"	FLOAT,
	"profundidad"	FLOAT,
	"peso"	FLOAT,
	"promo_descuento"	FLOAT,
	"promo_nombre"	VARCHAR(120),
	"promo_precio_final"	FLOAT,
	"gestionado"	VARCHAR(10),
	"fecha_gestionado"	DATETIME,
	"observaciones"	TEXT,
	"order"	INTEGER,
	FOREIGN KEY("order") REFERENCES "order_header"("id"),
	PRIMARY KEY("order_line_number")
);
CREATE TABLE IF NOT EXISTS "transaction_log" (
	"id"	INTEGER NOT NULL,
	"sub_status"	VARCHAR(15),
	"status_client"	VARCHAR(25),
	"prod"	VARCHAR(200),
	"fecha"	DATETIME,
	"username"	VARCHAR(64),
	"order_id"	INTEGER,
	"user_id"	INTEGER,
	FOREIGN KEY("user_id") REFERENCES "user"("id"),
	FOREIGN KEY("order_id") REFERENCES "order_header"("id"),
	PRIMARY KEY("id")
);
INSERT INTO "codigos_postales" ("cp","partido","localidad","barrio","cordon","provincia") VALUES ('1000','CABA','CABA','CABA','AMBA','BUENOS AIRES'),
 ('1001','CABA','CABA','MICRO CENTRO','AMBA','BUENOS AIRES'),
 ('1002','CABA','CABA','MICRO CENTRO','AMBA','BUENOS AIRES'),
 ('1003','CABA','CABA','MICRO CENTRO','AMBA','BUENOS AIRES'),
 ('1004','CABA','CABA','MICRO CENTRO','AMBA','BUENOS AIRES'),
 ('1005','CABA','CABA','MICRO CENTRO','AMBA','BUENOS AIRES'),
 ('1006','CABA','CABA','MICRO CENTRO','AMBA','BUENOS AIRES'),
 ('1007','CABA','CABA','MICRO CENTRO','AMBA','BUENOS AIRES'),
 ('1008','CABA','CABA','MICRO CENTRO','AMBA','BUENOS AIRES'),
 ('1009','CABA','CABA','MICRO CENTRO','AMBA','BUENOS AIRES'),
 ('1010','CABA','CABA','MICRO CENTRO','AMBA','BUENOS AIRES'),
 ('1011','CABA','CABA','MICRO CENTRO','AMBA','BUENOS AIRES'),
 ('1012','CABA','CABA','TRIB/REC','AMBA','BUENOS AIRES'),
 ('1013','CABA','CABA','TRIB/REC','AMBA','BUENOS AIRES'),
 ('1014','CABA','CABA','TRIB/REC','AMBA','BUENOS AIRES'),
 ('1015','CABA','CABA','TRIB/REC','AMBA','BUENOS AIRES'),
 ('1016','CABA','CABA','TRIB/REC','AMBA','BUENOS AIRES'),
 ('1017','CABA','CABA','TRIB/REC','AMBA','BUENOS AIRES'),
 ('1018','CABA','CABA','TRIB/REC','AMBA','BUENOS AIRES'),
 ('1019','CABA','CABA','TRIB/REC','AMBA','BUENOS AIRES'),
 ('1020','CABA','CABA','TRIB/REC','AMBA','BUENOS AIRES'),
 ('1021','CABA','CABA','TRIB/REC','AMBA','BUENOS AIRES'),
 ('1022','CABA','CABA','TRIB/REC','AMBA','BUENOS AIRES'),
 ('1023','CABA','CABA','TRIB/REC','AMBA','BUENOS AIRES'),
 ('1024','CABA','CABA','TRIB/REC','AMBA','BUENOS AIRES'),
 ('1025','CABA','CABA','TRIB/REC','AMBA','BUENOS AIRES'),
 ('1026','CABA','CABA','TRIB/REC','AMBA','BUENOS AIRES'),
 ('1027','CABA','CABA','TRIB/REC','AMBA','BUENOS AIRES'),
 ('1028','CABA','CABA','TRIBUNALES','AMBA','BUENOS AIRES'),
 ('1029','CABA','CABA','TRIBUNALES','AMBA','BUENOS AIRES'),
 ('1030','CABA','CABA','TRIBUNALES','AMBA','BUENOS AIRES'),
 ('1031','CABA','CABA','TRIBUNALES','AMBA','BUENOS AIRES'),
 ('1032','CABA','CABA','TRIBUNALES','AMBA','BUENOS AIRES'),
 ('1033','CABA','CABA','TRIBUNALES','AMBA','BUENOS AIRES'),
 ('1034','CABA','CABA','TRIB/REC','AMBA','BUENOS AIRES'),
 ('1035','CABA','CABA','MICRO CENTRO','AMBA','BUENOS AIRES'),
 ('1036','CABA','CABA','MICRO CENTRO','AMBA','BUENOS AIRES'),
 ('1037','CABA','CABA','TRIBUNALES','AMBA','BUENOS AIRES'),
 ('1038','CABA','CABA','MICRO CENTRO','AMBA','BUENOS AIRES'),
 ('1039','CABA','CABA','TRIBUNALES','AMBA','BUENOS AIRES'),
 ('1040','CABA','CABA','TRIBUNALES','AMBA','BUENOS AIRES'),
 ('1041','CABA','CABA','MICRO CENTRO','AMBA','BUENOS AIRES'),
 ('1042','CABA','CABA','TRIBUNALES','AMBA','BUENOS AIRES'),
 ('1043','CABA','CABA','MICRO CENTRO','AMBA','BUENOS AIRES'),
 ('1044','CABA','CABA','TRIBUNALES','AMBA','BUENOS AIRES'),
 ('1045','CABA','CABA','TRIBUNALES','AMBA','BUENOS AIRES'),
 ('1046','CABA','CABA','TRIBUNALES','AMBA','BUENOS AIRES'),
 ('1047','CABA','CABA','MICRO CENTRO','AMBA','BUENOS AIRES'),
 ('1048','CABA','CABA','TRIBUNALES','AMBA','BUENOS AIRES'),
 ('1049','CABA','CABA','MICRO CENTRO','AMBA','BUENOS AIRES'),
 ('1050','CABA','CABA','TRIBUNALES','AMBA','BUENOS AIRES'),
 ('1051','CABA','CABA','TRIBUNALES','AMBA','BUENOS AIRES'),
 ('1052','CABA','CABA','TRIBUNALES','AMBA','BUENOS AIRES'),
 ('1053','CABA','CABA','TRIBUNALES','AMBA','BUENOS AIRES'),
 ('1054','CABA','CABA','MICRO CENTRO','AMBA','BUENOS AIRES'),
 ('1055','CABA','CABA','TRIBUNALES','AMBA','BUENOS AIRES'),
 ('1056','CABA','CABA','TRIBUNALES','AMBA','BUENOS AIRES'),
 ('1057','CABA','CABA','MICRO CENTRO','AMBA','BUENOS AIRES'),
 ('1058','CABA','CABA','MICRO CENTRO','AMBA','BUENOS AIRES'),
 ('1059','CABA','CABA','MICRO CENTRO','AMBA','BUENOS AIRES'),
 ('1060','CABA','CABA','TRIB/REC','AMBA','BUENOS AIRES'),
 ('1061','CABA','CABA','TRIB/REC','AMBA','BUENOS AIRES'),
 ('1062','CABA','CABA','TRIB/REC','AMBA','BUENOS AIRES'),
 ('1063','CABA','CABA','BOCA','AMBA','BUENOS AIRES'),
 ('1064','CABA','CABA','MONSERRAT','AMBA','BUENOS AIRES'),
 ('1065','CABA','CABA','MONSERRAT','AMBA','BUENOS AIRES'),
 ('1066','CABA','CABA','MONSERRAT','AMBA','BUENOS AIRES'),
 ('1067','CABA','CABA','MONSERRAT','AMBA','BUENOS AIRES'),
 ('1068','CABA','CABA','MONSERRAT','AMBA','BUENOS AIRES'),
 ('1069','CABA','CABA','MONSERRAT','AMBA','BUENOS AIRES'),
 ('1070','CABA','CABA','MONSERRAT','AMBA','BUENOS AIRES'),
 ('1071','CABA','CABA','MONSERRAT','AMBA','BUENOS AIRES'),
 ('1072','CABA','CABA','MONSERRAT','AMBA','BUENOS AIRES'),
 ('1073','CABA','CABA','MONSERRAT','AMBA','BUENOS AIRES'),
 ('1074','CABA','CABA','MONSERRAT','AMBA','BUENOS AIRES'),
 ('1075','CABA','CABA','MONSERRAT','AMBA','BUENOS AIRES'),
 ('1076','CABA','CABA','MONSERRAT','AMBA','BUENOS AIRES'),
 ('1077','CABA','CABA','MONSERRAT','AMBA','BUENOS AIRES'),
 ('1078','CABA','CABA','MONSERRAT','AMBA','BUENOS AIRES'),
 ('1079','CABA','CABA','BOEDO','AMBA','BUENOS AIRES'),
 ('1080','CABA','CABA','BOEDO','AMBA','BUENOS AIRES'),
 ('1081','CABA','CABA','BOEDO','AMBA','BUENOS AIRES'),
 ('1082','CABA','CABA','BOEDO','AMBA','BUENOS AIRES'),
 ('1083','CABA','CABA','BOEDO','AMBA','BUENOS AIRES'),
 ('1084','CABA','CABA','MICRO CENTRO','AMBA','BUENOS AIRES'),
 ('1085','CABA','CABA','TRIBUNALES','AMBA','BUENOS AIRES'),
 ('1086','CABA','CABA','MONSERRAT','AMBA','BUENOS AIRES'),
 ('1087','CABA','CABA','MONSERRAT','AMBA','BUENOS AIRES'),
 ('1088','CABA','CABA','MONSERRAT','AMBA','BUENOS AIRES'),
 ('1089','CABA','CABA','BOEDO','AMBA','BUENOS AIRES'),
 ('1090','CABA','CABA','BOEDO','AMBA','BUENOS AIRES'),
 ('1091','CABA','CABA','MONSERRAT','AMBA','BUENOS AIRES'),
 ('1092','CABA','CABA','MONSERRAT','AMBA','BUENOS AIRES'),
 ('1093','CABA','CABA','MONSERRAT','AMBA','BUENOS AIRES'),
 ('1094','CABA','CABA','BOEDO','AMBA','BUENOS AIRES'),
 ('1095','CABA','CABA','MONSERRAT','AMBA','BUENOS AIRES'),
 ('1096','CABA','CABA','MONSERRAT','AMBA','BUENOS AIRES'),
 ('1097','CABA','CABA','MONSERRAT','AMBA','BUENOS AIRES'),
 ('1098','CABA','CABA','MONSERRAT','AMBA','BUENOS AIRES'),
 ('1099','CABA','CABA','MONSERRAT','AMBA','BUENOS AIRES'),
 ('1100','CABA','CABA','MONSERRAT','AMBA','BUENOS AIRES'),
 ('1101','CABA','CABA','MONSERRAT','AMBA','BUENOS AIRES'),
 ('1102','CABA','CABA','MONSERRAT','AMBA','BUENOS AIRES'),
 ('1103','CABA','CABA','MONSERRAT','AMBA','BUENOS AIRES'),
 ('1104','CABA','CABA','PUERTO','AMBA','BUENOS AIRES'),
 ('1106','CABA','CABA','MICRO CENTRO','AMBA','BUENOS AIRES'),
 ('1107','CABA','CABA','PUERTO','AMBA','BUENOS AIRES'),
 ('1110','CABA','CABA','MONSERRAT','AMBA','BUENOS AIRES'),
 ('1111','CABA','CABA','TRIB/REC','AMBA','BUENOS AIRES'),
 ('1112','CABA','CABA','TRIB/REC','AMBA','BUENOS AIRES'),
 ('1113','CABA','CABA','TRIB/REC','AMBA','BUENOS AIRES'),
 ('1114','CABA','CABA','TRIB/REC','AMBA','BUENOS AIRES'),
 ('1115','CABA','CABA','TRIB/REC','AMBA','BUENOS AIRES'),
 ('1116','CABA','CABA','TRIB/REC','AMBA','BUENOS AIRES'),
 ('1117','CABA','CABA','TRIB/REC','AMBA','BUENOS AIRES'),
 ('1118','CABA','CABA','TRIB/REC','AMBA','BUENOS AIRES'),
 ('1119','CABA','CABA','TRIB/REC','AMBA','BUENOS AIRES'),
 ('1120','CABA','CABA','TRIB/REC','AMBA','BUENOS AIRES'),
 ('1121','CABA','CABA','TRIB/REC','AMBA','BUENOS AIRES'),
 ('1122','CABA','CABA','TRIB/REC','AMBA','BUENOS AIRES'),
 ('1123','CABA','CABA','TRIB/REC','AMBA','BUENOS AIRES'),
 ('1124','CABA','CABA','TRIB/REC','AMBA','BUENOS AIRES'),
 ('1125','CABA','CABA','TRIB/REC','AMBA','BUENOS AIRES'),
 ('1126','CABA','CABA','TRIB/REC','AMBA','BUENOS AIRES'),
 ('1127','CABA','CABA','TRIB/REC','AMBA','BUENOS AIRES'),
 ('1128','CABA','CABA','TRIB/REC','AMBA','BUENOS AIRES'),
 ('1129','CABA','CABA','TRIB/REC','AMBA','BUENOS AIRES'),
 ('1130','CABA','CABA','BOCA','AMBA','BUENOS AIRES'),
 ('1133','CABA','CABA','BOCA','AMBA','BUENOS AIRES'),
 ('1134','CABA','CABA','BOCA','AMBA','BUENOS AIRES'),
 ('1135','CABA','CABA','BOCA','AMBA','BUENOS AIRES'),
 ('1136','CABA','CABA','BOCA','AMBA','BUENOS AIRES'),
 ('1137','CABA','CABA','BOCA','AMBA','BUENOS AIRES'),
 ('1138','CABA','CABA','BOCA','AMBA','BUENOS AIRES'),
 ('1139','CABA','CABA','BOCA','AMBA','BUENOS AIRES'),
 ('1140','CABA','CABA','BOCA','AMBA','BUENOS AIRES'),
 ('1141','CABA','CABA','BOCA','AMBA','BUENOS AIRES'),
 ('1143','CABA','CABA','BOCA','AMBA','BUENOS AIRES'),
 ('1147','CABA','CABA','BOCA','AMBA','BUENOS AIRES'),
 ('1148','CABA','CABA','BOCA','AMBA','BUENOS AIRES'),
 ('1150','CABA','CABA','BOCA','AMBA','BUENOS AIRES'),
 ('1151','CABA','CABA','BOCA','AMBA','BUENOS AIRES'),
 ('1152','CABA','CABA','BOCA','AMBA','BUENOS AIRES'),
 ('1153','CABA','CABA','BOCA','AMBA','BUENOS AIRES'),
 ('1154','CABA','CABA','BOCA','AMBA','BUENOS AIRES'),
 ('1155','CABA','CABA','BOCA','AMBA','BUENOS AIRES'),
 ('1156','CABA','CABA','BOCA','AMBA','BUENOS AIRES'),
 ('1157','CABA','CABA','BOCA','AMBA','BUENOS AIRES'),
 ('1158','CABA','CABA','BOCA','AMBA','BUENOS AIRES'),
 ('1159','CABA','CABA','BOCA','AMBA','BUENOS AIRES'),
 ('1160','CABA','CABA','BOCA','AMBA','BUENOS AIRES'),
 ('1161','CABA','CABA','BOCA','AMBA','BUENOS AIRES'),
 ('1162','CABA','CABA','BOCA','AMBA','BUENOS AIRES'),
 ('1163','CABA','CABA','BOCA','AMBA','BUENOS AIRES'),
 ('1164','CABA','CABA','BOCA','AMBA','BUENOS AIRES'),
 ('1165','CABA','CABA','BOCA','AMBA','BUENOS AIRES'),
 ('1166','CABA','CABA','BOCA','AMBA','BUENOS AIRES'),
 ('1167','CABA','CABA','BOCA','AMBA','BUENOS AIRES'),
 ('1168','CABA','CABA','BOCA','AMBA','BUENOS AIRES'),
 ('1169','CABA','CABA','BOCA','AMBA','BUENOS AIRES'),
 ('1170','CABA','CABA','BOEDO','AMBA','BUENOS AIRES'),
 ('1171','CABA','CABA','ALMAGRO','AMBA','BUENOS AIRES'),
 ('1172','CABA','CABA','ALMAGRO','AMBA','BUENOS AIRES'),
 ('1173','CABA','CABA','BOEDO','AMBA','BUENOS AIRES'),
 ('1174','CABA','CABA','ALMAGRO','AMBA','BUENOS AIRES'),
 ('1175','CABA','CABA','ALMAGRO','AMBA','BUENOS AIRES'),
 ('1176','CABA','CABA','ALMAGRO','AMBA','BUENOS AIRES'),
 ('1177','CABA','CABA','BOEDO','AMBA','BUENOS AIRES'),
 ('1178','CABA','CABA','BOEDO','AMBA','BUENOS AIRES'),
 ('1179','CABA','CABA','ALMAGRO','AMBA','BUENOS AIRES'),
 ('1180','CABA','CABA','ALMAGRO','AMBA','BUENOS AIRES'),
 ('1181','CABA','CABA','BOEDO','AMBA','BUENOS AIRES'),
 ('1182','CABA','CABA','ALMAGRO','AMBA','BUENOS AIRES'),
 ('1183','CABA','CABA','ALMAGRO','AMBA','BUENOS AIRES'),
 ('1184','CABA','CABA','BOEDO','AMBA','BUENOS AIRES'),
 ('1185','CABA','CABA','ALMAGRO','AMBA','BUENOS AIRES'),
 ('1186','CABA','CABA','ALMAGRO','AMBA','BUENOS AIRES'),
 ('1187','CABA','CABA','ALMAGRO','AMBA','BUENOS AIRES'),
 ('1188','CABA','CABA','ALMAGRO','AMBA','BUENOS AIRES'),
 ('1189','CABA','CABA','ALMAGRO','AMBA','BUENOS AIRES'),
 ('1190','CABA','CABA','ALMAGRO','AMBA','BUENOS AIRES'),
 ('1191','CABA','CABA','ALMAGRO','AMBA','BUENOS AIRES'),
 ('1192','CABA','CABA','ALMAGRO','AMBA','BUENOS AIRES'),
 ('1193','CABA','CABA','ALMAGRO','AMBA','BUENOS AIRES'),
 ('1194','CABA','CABA','ALMAGRO','AMBA','BUENOS AIRES'),
 ('1195','CABA','CABA','ALMAGRO','AMBA','BUENOS AIRES'),
 ('1196','CABA','CABA','ALMAGRO','AMBA','BUENOS AIRES'),
 ('1197','CABA','CABA','ALMAGRO','AMBA','BUENOS AIRES'),
 ('1198','CABA','CABA','ALMAGRO','AMBA','BUENOS AIRES'),
 ('1199','CABA','CABA','ALMAGRO','AMBA','BUENOS AIRES'),
 ('1200','CABA','CABA','ALMAGRO','AMBA','BUENOS AIRES'),
 ('1201','CABA','CABA','ALMAGRO','AMBA','BUENOS AIRES'),
 ('1202','CABA','CABA','ALMAGRO','AMBA','BUENOS AIRES'),
 ('1203','CABA','CABA','BOEDO','AMBA','BUENOS AIRES'),
 ('1204','CABA','CABA','BOEDO','AMBA','BUENOS AIRES'),
 ('1205','CABA','CABA','BOEDO','AMBA','BUENOS AIRES'),
 ('1206','CABA','CABA','BOEDO','AMBA','BUENOS AIRES'),
 ('1207','CABA','CABA','BOEDO','AMBA','BUENOS AIRES'),
 ('1208','CABA','CABA','BOEDO','AMBA','BUENOS AIRES'),
 ('1209','CABA','CABA','BOEDO','AMBA','BUENOS AIRES'),
 ('1210','CABA','CABA','BOEDO','AMBA','BUENOS AIRES'),
 ('1211','CABA','CABA','BOEDO','AMBA','BUENOS AIRES'),
 ('1212','CABA','CABA','BOEDO','AMBA','BUENOS AIRES'),
 ('1213','CABA','CABA','ALMAGRO','AMBA','BUENOS AIRES'),
 ('1214','CABA','CABA','BOEDO','AMBA','BUENOS AIRES'),
 ('1215','CABA','CABA','ALMAGRO','AMBA','BUENOS AIRES'),
 ('1216','CABA','CABA','BOEDO','AMBA','BUENOS AIRES'),
 ('1217','CABA','CABA','BOEDO','AMBA','BUENOS AIRES'),
 ('1218','CABA','CABA','BOEDO','AMBA','BUENOS AIRES'),
 ('1219','CABA','CABA','BOEDO','AMBA','BUENOS AIRES'),
 ('1220','CABA','CABA','BOEDO','AMBA','BUENOS AIRES'),
 ('1221','CABA','CABA','BOEDO','AMBA','BUENOS AIRES'),
 ('1222','CABA','CABA','BOEDO','AMBA','BUENOS AIRES'),
 ('1223','CABA','CABA','BOEDO','AMBA','BUENOS AIRES'),
 ('1224','CABA','CABA','BOEDO','AMBA','BUENOS AIRES'),
 ('1225','CABA','CABA','BOEDO','AMBA','BUENOS AIRES'),
 ('1226','CABA','CABA','BOEDO','AMBA','BUENOS AIRES'),
 ('1227','CABA','CABA','BOEDO','AMBA','BUENOS AIRES'),
 ('1228','CABA','CABA','BOEDO','AMBA','BUENOS AIRES'),
 ('1229','CABA','CABA','BOEDO','AMBA','BUENOS AIRES'),
 ('1230','CABA','CABA','BOEDO','AMBA','BUENOS AIRES'),
 ('1231','CABA','CABA','BOEDO','AMBA','BUENOS AIRES'),
 ('1232','CABA','CABA','BOEDO','AMBA','BUENOS AIRES'),
 ('1233','CABA','CABA','BOEDO','AMBA','BUENOS AIRES'),
 ('1234','CABA','CABA','BOEDO','AMBA','BUENOS AIRES'),
 ('1235','CABA','CABA','BOEDO','AMBA','BUENOS AIRES'),
 ('1236','CABA','CABA','BOEDO','AMBA','BUENOS AIRES'),
 ('1237','CABA','CABA','BOEDO','AMBA','BUENOS AIRES'),
 ('1238','CABA','CABA','BOEDO','AMBA','BUENOS AIRES'),
 ('1239','CABA','CABA','BOEDO','AMBA','BUENOS AIRES'),
 ('1240','CABA','CABA','BOEDO','AMBA','BUENOS AIRES'),
 ('1241','CABA','CABA','BOEDO','AMBA','BUENOS AIRES'),
 ('1242','CABA','CABA','BOEDO','AMBA','BUENOS AIRES'),
 ('1243','CABA','CABA','BOEDO','AMBA','BUENOS AIRES'),
 ('1244','CABA','CABA','BOEDO','AMBA','BUENOS AIRES'),
 ('1245','CABA','CABA','BOEDO','AMBA','BUENOS AIRES'),
 ('1246','CABA','CABA','BOEDO','AMBA','BUENOS AIRES'),
 ('1247','CABA','CABA','BOEDO','AMBA','BUENOS AIRES'),
 ('1248','CABA','CABA','BOEDO','AMBA','BUENOS AIRES'),
 ('1249','CABA','CABA','BOEDO','AMBA','BUENOS AIRES'),
 ('1250','CABA','CABA','BOEDO','AMBA','BUENOS AIRES'),
 ('1251','CABA','CABA','BOEDO','AMBA','BUENOS AIRES'),
 ('1252','CABA','CABA','BOEDO','AMBA','BUENOS AIRES'),
 ('1253','CABA','CABA','BOEDO','AMBA','BUENOS AIRES'),
 ('1254','CABA','CABA','BOEDO','AMBA','BUENOS AIRES'),
 ('1255','CABA','CABA','BOEDO','AMBA','BUENOS AIRES'),
 ('1256','CABA','CABA','BOEDO','AMBA','BUENOS AIRES'),
 ('1257','CABA','CABA','BOEDO','AMBA','BUENOS AIRES'),
 ('1258','CABA','CABA','BOEDO','AMBA','BUENOS AIRES'),
 ('1259','CABA','CABA','BOEDO','AMBA','BUENOS AIRES'),
 ('1260','CABA','CABA','BOEDO','AMBA','BUENOS AIRES'),
 ('1261','CABA','CABA','BOEDO','AMBA','BUENOS AIRES'),
 ('1262','CABA','CABA','BOEDO','AMBA','BUENOS AIRES'),
 ('1263','CABA','CABA','BOEDO','AMBA','BUENOS AIRES'),
 ('1264','CABA','CABA','BOEDO','AMBA','BUENOS AIRES'),
 ('1265','CABA','CABA','BOCA','AMBA','BUENOS AIRES'),
 ('1266','CABA','CABA','BOCA','AMBA','BUENOS AIRES'),
 ('1267','CABA','CABA','BOCA','AMBA','BUENOS AIRES'),
 ('1268','CABA','CABA','BOCA','AMBA','BUENOS AIRES'),
 ('1269','CABA','CABA','BOCA','AMBA','BUENOS AIRES'),
 ('1270','CABA','CABA','BOCA','AMBA','BUENOS AIRES'),
 ('1271','CABA','CABA','BOCA','AMBA','BUENOS AIRES'),
 ('1272','CABA','CABA','BOCA','AMBA','BUENOS AIRES'),
 ('1273','CABA','CABA','BOCA','AMBA','BUENOS AIRES'),
 ('1274','CABA','CABA','BOCA','AMBA','BUENOS AIRES'),
 ('1275','CABA','CABA','BOCA','AMBA','BUENOS AIRES'),
 ('1276','CABA','CABA','BOCA','AMBA','BUENOS AIRES'),
 ('1277','CABA','CABA','BOCA','AMBA','BUENOS AIRES'),
 ('1278','CABA','CABA','BOCA','AMBA','BUENOS AIRES'),
 ('1279','CABA','CABA','BOCA','AMBA','BUENOS AIRES'),
 ('1280','CABA','CABA','BOCA','AMBA','BUENOS AIRES'),
 ('1281','CABA','CABA','BOCA','AMBA','BUENOS AIRES'),
 ('1282','CABA','CABA','BOCA','AMBA','BUENOS AIRES'),
 ('1283','CABA','CABA','BOCA','AMBA','BUENOS AIRES'),
 ('1284','CABA','CABA','BOCA','AMBA','BUENOS AIRES'),
 ('1285','CABA','CABA','BOCA','AMBA','BUENOS AIRES'),
 ('1286','CABA','CABA','BOCA','AMBA','BUENOS AIRES'),
 ('1287','CABA','CABA','BOCA','AMBA','BUENOS AIRES'),
 ('1288','CABA','CABA','BOCA','AMBA','BUENOS AIRES'),
 ('1289','CABA','CABA','BOCA','AMBA','BUENOS AIRES'),
 ('1290','CABA','CABA','BOCA','AMBA','BUENOS AIRES'),
 ('1291','CABA','CABA','BOCA','AMBA','BUENOS AIRES'),
 ('1292','CABA','CABA','BOCA','AMBA','BUENOS AIRES'),
 ('1293','CABA','CABA','BOCA','AMBA','BUENOS AIRES'),
 ('1294','CABA','CABA','BOCA','AMBA','BUENOS AIRES'),
 ('1295','CABA','CABA','BOCA','AMBA','BUENOS AIRES'),
 ('1296','CABA','CABA','BOCA','AMBA','BUENOS AIRES'),
 ('1300','CABA','CABA','MICRO CENTRO','AMBA','BUENOS AIRES'),
 ('1301','CABA','CABA','MICRO CENTRO','AMBA','BUENOS AIRES'),
 ('1302','CABA','CABA','TRIB/REC','AMBA','BUENOS AIRES'),
 ('1303','CABA','CABA','MICRO CENTRO','AMBA','BUENOS AIRES'),
 ('1304','CABA','CABA','MONSERRAT','AMBA','BUENOS AIRES'),
 ('1305','CABA','CABA','MONSERRAT','AMBA','BUENOS AIRES'),
 ('1306','CABA','CABA','MICRO CENTRO','AMBA','BUENOS AIRES'),
 ('1307','CABA','CABA','MONSERRAT','AMBA','BUENOS AIRES'),
 ('1308','CABA','CABA','MONSERRAT','AMBA','BUENOS AIRES'),
 ('1309','CABA','CABA','TRIBUNALES','AMBA','BUENOS AIRES'),
 ('1310','CABA','CABA','MONSERRAT','AMBA','BUENOS AIRES'),
 ('1311','CABA','CABA','MONSERRAT','AMBA','BUENOS AIRES'),
 ('1312','CABA','CABA','TRIBUNALES','AMBA','BUENOS AIRES'),
 ('1313','CABA','CABA','MICRO CENTRO','AMBA','BUENOS AIRES'),
 ('1314','CABA','CABA','MICRO CENTRO','AMBA','BUENOS AIRES'),
 ('1315','CABA','CABA','BOEDO','AMBA','BUENOS AIRES'),
 ('1316','CABA','CABA','MICRO CENTRO','AMBA','BUENOS AIRES'),
 ('1317','CABA','CABA','MICRO CENTRO','AMBA','BUENOS AIRES'),
 ('1318','CABA','CABA','MICRO CENTRO','AMBA','BUENOS AIRES'),
 ('1319','CABA','CABA','MONSERRAT','AMBA','BUENOS AIRES'),
 ('1320','CABA','CABA','MONSERRAT','AMBA','BUENOS AIRES'),
 ('1321','CABA','CABA','MONSERRAT','AMBA','BUENOS AIRES'),
 ('1322','CABA','CABA','MONSERRAT','AMBA','BUENOS AIRES'),
 ('1323','CABA','CABA','MONSERRAT','AMBA','BUENOS AIRES'),
 ('1324','CABA','CABA','MICRO CENTRO','AMBA','BUENOS AIRES'),
 ('1325','CABA','CABA','TRIBUNALES','AMBA','BUENOS AIRES'),
 ('1326','CABA','CABA','MONSERRAT','AMBA','BUENOS AIRES'),
 ('1327','CABA','CABA','MICRO CENTRO','AMBA','BUENOS AIRES'),
 ('1328','CABA','CABA','MONSERRAT','AMBA','BUENOS AIRES'),
 ('1329','CABA','CABA','MICRO CENTRO','AMBA','BUENOS AIRES'),
 ('1330','CABA','CABA','MONSERRAT','AMBA','BUENOS AIRES'),
 ('1331','CABA','CABA','MICRO CENTRO','AMBA','BUENOS AIRES'),
 ('1332','CABA','CABA','MONSERRAT','AMBA','BUENOS AIRES'),
 ('1333','CABA','CABA','MICRO CENTRO','AMBA','BUENOS AIRES'),
 ('1334','CABA','CABA','MICRO CENTRO','AMBA','BUENOS AIRES'),
 ('1335','CABA','CABA','MICRO CENTRO','AMBA','BUENOS AIRES'),
 ('1336','CABA','CABA','TRIBUNALES','AMBA','BUENOS AIRES'),
 ('1337','CABA','CABA','MICRO CENTRO','AMBA','BUENOS AIRES'),
 ('1338','CABA','CABA','MICRO CENTRO','AMBA','BUENOS AIRES'),
 ('1339','CABA','CABA','MICRO CENTRO','AMBA','BUENOS AIRES'),
 ('1340','CABA','CABA','MICRO CENTRO','AMBA','BUENOS AIRES'),
 ('1341','CABA','CABA','MICRO CENTRO','AMBA','BUENOS AIRES'),
 ('1342','CABA','CABA','MICRO CENTRO','AMBA','BUENOS AIRES'),
 ('1343','CABA','CABA','MICRO CENTRO','AMBA','BUENOS AIRES'),
 ('1344','CABA','CABA','MONSERRAT','AMBA','BUENOS AIRES'),
 ('1345','CABA','CABA','MONSERRAT','AMBA','BUENOS AIRES'),
 ('1346','CABA','CABA','MICRO CENTRO','AMBA','BUENOS AIRES'),
 ('1347','CABA','CABA','MICRO CENTRO','AMBA','BUENOS AIRES'),
 ('1348','CABA','CABA','MICRO CENTRO','AMBA','BUENOS AIRES'),
 ('1349','CABA','CABA','MICRO CENTRO','AMBA','BUENOS AIRES'),
 ('1350','CABA','CABA','MICRO CENTRO','AMBA','BUENOS AIRES'),
 ('1351','CABA','CABA','MICRO CENTRO','AMBA','BUENOS AIRES'),
 ('1352','CABA','CABA','MICRO CENTRO','AMBA','BUENOS AIRES'),
 ('1353','CABA','CABA','MICRO CENTRO','AMBA','BUENOS AIRES'),
 ('1354','CABA','CABA','TRIBUNALES','AMBA','BUENOS AIRES'),
 ('1355','CABA','CABA','MICRO CENTRO','AMBA','BUENOS AIRES'),
 ('1356','CABA','CABA','MICRO CENTRO','AMBA','BUENOS AIRES'),
 ('1357','CABA','CABA','MICRO CENTRO','AMBA','BUENOS AIRES'),
 ('1358','CABA','CABA','MICRO CENTRO','AMBA','BUENOS AIRES'),
 ('1359','CABA','CABA','MICRO CENTRO','AMBA','BUENOS AIRES'),
 ('1360','CABA','CABA','MICRO CENTRO','AMBA','BUENOS AIRES'),
 ('1361','CABA','CABA','TRIBUNALES','AMBA','BUENOS AIRES'),
 ('1362','CABA','CABA','MONSERRAT','AMBA','BUENOS AIRES'),
 ('1363','CABA','CABA','MICRO CENTRO','AMBA','BUENOS AIRES'),
 ('1364','CABA','CABA','MICRO CENTRO','AMBA','BUENOS AIRES'),
 ('1365','CABA','CABA','MICRO CENTRO','AMBA','BUENOS AIRES'),
 ('1366','CABA','CABA','MICRO CENTRO','AMBA','BUENOS AIRES'),
 ('1367','CABA','CABA','TRIBUNALES','AMBA','BUENOS AIRES'),
 ('1368','CABA','CABA','MICRO CENTRO','AMBA','BUENOS AIRES'),
 ('1369','CABA','CABA','MICRO CENTRO','AMBA','BUENOS AIRES'),
 ('1370','CABA','CABA','MICRO CENTRO','AMBA','BUENOS AIRES'),
 ('1371','CABA','CABA','TRIBUNALES','AMBA','BUENOS AIRES'),
 ('1372','CABA','CABA','TRIBUNALES','AMBA','BUENOS AIRES'),
 ('1373','CABA','CABA','MICRO CENTRO','AMBA','BUENOS AIRES'),
 ('1374','CABA','CABA','MICRO CENTRO','AMBA','BUENOS AIRES'),
 ('1375','CABA','CABA','MICRO CENTRO','AMBA','BUENOS AIRES'),
 ('1376','CABA','CABA','MICRO CENTRO','AMBA','BUENOS AIRES'),
 ('1377','CABA','CABA','MONSERRAT','AMBA','BUENOS AIRES'),
 ('1378','CABA','CABA','MICRO CENTRO','AMBA','BUENOS AIRES'),
 ('1379','CABA','CABA','MONSERRAT','AMBA','BUENOS AIRES'),
 ('1380','CABA','CABA','MONSERRAT','AMBA','BUENOS AIRES'),
 ('1381','CABA','CABA','MONSERRAT','AMBA','BUENOS AIRES'),
 ('1382','CABA','CABA','MICRO CENTRO','AMBA','BUENOS AIRES'),
 ('1383','CABA','CABA','MICRO CENTRO','AMBA','BUENOS AIRES'),
 ('1384','CABA','CABA','MONSERRAT','AMBA','BUENOS AIRES'),
 ('1385','CABA','CABA','MICRO CENTRO','AMBA','BUENOS AIRES'),
 ('1386','CABA','CABA','MICRO CENTRO','AMBA','BUENOS AIRES'),
 ('1387','CABA','CABA','MICRO CENTRO','AMBA','BUENOS AIRES'),
 ('1388','CABA','CABA','MICRO CENTRO','AMBA','BUENOS AIRES'),
 ('1389','CABA','CABA','MICRO CENTRO','AMBA','BUENOS AIRES'),
 ('1390','CABA','CABA','TRIBUNALES','AMBA','BUENOS AIRES'),
 ('1391','CABA','CABA','TRIBUNALES','AMBA','BUENOS AIRES'),
 ('1392','CABA','CABA','MICRO CENTRO','AMBA','BUENOS AIRES'),
 ('1393','CABA','CABA','MICRO CENTRO','AMBA','BUENOS AIRES'),
 ('1394','CABA','CABA','MICRO CENTRO','AMBA','BUENOS AIRES'),
 ('1395','CABA','CABA','MICRO CENTRO','AMBA','BUENOS AIRES'),
 ('1396','CABA','CABA','MICRO CENTRO','AMBA','BUENOS AIRES'),
 ('1397','CABA','CABA','MICRO CENTRO','AMBA','BUENOS AIRES'),
 ('1398','CABA','CABA','MICRO CENTRO','AMBA','BUENOS AIRES'),
 ('1399','CABA','CABA','MONSERRAT','AMBA','BUENOS AIRES'),
 ('1404','CABA','CABA','PALERMO','AMBA','BUENOS AIRES'),
 ('1405','CABA','CABA','CABALLITO','AMBA','BUENOS AIRES'),
 ('1406','CABA','CABA','FLORES','AMBA','BUENOS AIRES'),
 ('1407','CABA','CABA','FLORESTA','AMBA','BUENOS AIRES'),
 ('1408','CABA','CABA','LINIERS','AMBA','BUENOS AIRES'),
 ('1414','CABA','CABA','VILLA CRESPO','AMBA','BUENOS AIRES'),
 ('1416','CABA','CABA','PATERNAL','AMBA','BUENOS AIRES'),
 ('1417','CABA','CABA','VILLA DEL PARQUE','AMBA','BUENOS AIRES'),
 ('1419','CABA','CABA','DEVOTO','AMBA','BUENOS AIRES'),
 ('1424','CABA','CABA','PARQUE CHACABUCO','AMBA','BUENOS AIRES'),
 ('1425','CABA','CABA','PALERMO','AMBA','BUENOS AIRES'),
 ('1426','CABA','CABA','COLEGIALES','AMBA','BUENOS AIRES'),
 ('1427','CABA','CABA','CHACARITA','AMBA','BUENOS AIRES'),
 ('1428','CABA','CABA','BELGRANO','AMBA','BUENOS AIRES'),
 ('1429','CABA','CABA','NUÑEZ','AMBA','BUENOS AIRES'),
 ('1430','CABA','CABA','SAAVEDRA','AMBA','BUENOS AIRES'),
 ('1431','CABA','CABA','VILLA URQUIZA','AMBA','BUENOS AIRES'),
 ('1437','CABA','CABA','POMPEYA','AMBA','BUENOS AIRES'),
 ('1439','CABA','CABA','VILLA LUGANO','AMBA','BUENOS AIRES'),
 ('1440','CABA','CABA','MATADEROS','AMBA','BUENOS AIRES'),
 ('1598','CABA','CABA','LA BOCA','AMBA','BUENOS AIRES'),
 ('1600','VTE. LOPEZ','VTE. LOPEZ','NULL','AMBA','BUENOS AIRES'),
 ('1601','TIGRE','TIGRE','NULL','AMBA','BUENOS AIRES'),
 ('1602','VTE. LOPEZ','FLORIDA','NULL','AMBA','BUENOS AIRES'),
 ('1603','VTE. LOPEZ','MARTELLI','NULL','AMBA','BUENOS AIRES'),
 ('1604','VTE. LOPEZ','FLORIDA','NULL','AMBA','BUENOS AIRES'),
 ('1605','VTE. LOPEZ','MUNRO','NULL','AMBA','BUENOS AIRES'),
 ('1606','VTE. LOPEZ','CARAPACHAY','NULL','AMBA','BUENOS AIRES'),
 ('1607','SAN ISIDRO','V. ADELINA','NULL','AMBA','BUENOS AIRES'),
 ('1608','TIGRE','TRONCOS DEL TALAR','NULL','AMBA','BUENOS AIRES'),
 ('1609','SAN ISIDRO','BOULOGNE','NULL','AMBA','BUENOS AIRES'),
 ('1610','TIGRE','RICARDO ROJAS','NULL','AMBA','BUENOS AIRES'),
 ('1611','TIGRE','TORCUATO','NULL','AMBA','BUENOS AIRES'),
 ('1612','MALVINAS ARGENTINAS','A. SORDEAUX','NULL','AMBA','BUENOS AIRES'),
 ('1613','MALVINAS ARGENTINAS','LOS POLVORINES','NULL','AMBA','BUENOS AIRES'),
 ('1614','MALVINAS ARGENTINAS','V. DE MAYO','NULL','AMBA','BUENOS AIRES'),
 ('1615','MALVINAS ARGENTINAS','G. BOURG','NULL','AMBA','BUENOS AIRES'),
 ('1616','MALVINAS ARGENTINAS','PABLO NOGUES','NULL','AMBA','BUENOS AIRES'),
 ('1617','TIGRE','PACHECO','NULL','AMBA','BUENOS AIRES'),
 ('1618','TIGRE','EL TALAR','NULL','AMBA','BUENOS AIRES'),
 ('1619','ESCOBAR','GARIN','NULL','AMBA','BUENOS AIRES'),
 ('1620','ESCOBAR','SAVIO','NULL','AMBA','BUENOS AIRES'),
 ('1621','TIGRE','BENAVIDEZ','NULL','AMBA','BUENOS AIRES'),
 ('1622','TIGRE','DIQUE LUJAN','NULL','AMBA','BUENOS AIRES'),
 ('1623','ESCOBAR','MASCHWITZ','NULL','AMBA','BUENOS AIRES'),
 ('1624','TIGRE','RINCON DE MILBERG','NULL','AMBA','BUENOS AIRES'),
 ('1625','ESCOBAR','ESCOBAR','NULL','ECONOMY CORDN 3','NORTE'),
 ('1626','PILAR','ZELALAYA','NULL','AMBA','BUENOS AIRES'),
 ('1627','PILAR','MATHEU','NULL','AMBA','BUENOS AIRES'),
 ('1628','ESCOBAR','LOMA VERDE','NULL','ECONOMY CORDN 3','NORTE'),
 ('1629','PILAR','PILAR','NULL','AMBA','BUENOS AIRES'),
 ('1630','PILAR','PILAR','NULL','AMBA','BUENOS AIRES'),
 ('1631','PILAR','V. ROSA','NULL','AMBA','BUENOS AIRES'),
 ('1632','PILAR','MANZANARES','NULL','ECONOMY CORDN 3','NORTE'),
 ('1633','PILAR','FATIMA','NULL','ECONOMY CORDN 3','NORTE'),
 ('1635','PILAR','DERQUI','NULL','AMBA','BUENOS AIRES'),
 ('1636','VTE. LOPEZ','OLIVOS','NULL','AMBA','BUENOS AIRES'),
 ('1637','VTE. LOPEZ','LA LUCILA','NULL','AMBA','BUENOS AIRES'),
 ('1638','VTE. LOPEZ','V. LOPEZ','NULL','AMBA','BUENOS AIRES'),
 ('1639','TIGRE','ZELAYA','NULL','AMBA','BUENOS AIRES'),
 ('1640','SAN ISIDRO','MARTINEZ','NULL','AMBA','BUENOS AIRES'),
 ('1641','SAN ISIDRO','ACUSSUSO','NULL','AMBA','BUENOS AIRES'),
 ('1642','SAN ISIDRO','SAN ISIDRO','NULL','AMBA','BUENOS AIRES'),
 ('1643','SAN ISIDRO','BECCAR','NULL','AMBA','BUENOS AIRES'),
 ('1644','SAN FERNANDO','VICTORIA','NULL','AMBA','BUENOS AIRES'),
 ('1645','SAN FERNANDO','VIRREYES','NULL','AMBA','BUENOS AIRES'),
 ('1646','SAN FERNANDO','SAN FERNANDO','NULL','AMBA','BUENOS AIRES'),
 ('1647','SAN FERNANDO','ARROYO SARANDI','NULL','AMBA','BUENOS AIRES'),
 ('1648','TIGRE','TIGRE','NULL','AMBA','BUENOS AIRES'),
 ('1649','TIGRE','ARROYO LAS ROSAS','NULL','AMBA','BUENOS AIRES'),
 ('1650','SAN MARTIN','SAN MARTIN','NULL','AMBA','BUENOS AIRES'),
 ('1651','SAN MARTIN','SAN ANDRES','NULL','AMBA','BUENOS AIRES'),
 ('1653','SAN MARTIN','VILLA BALLESTER','NULL','AMBA','BUENOS AIRES'),
 ('1654','SAN MARTIN','BALLESTER','NULL','AMBA','BUENOS AIRES'),
 ('1655','SAN MARTIN','JOSE LEON SUAREZ','NULL','AMBA','BUENOS AIRES'),
 ('1656','SAN MARTIN','J. L. SUAREZ','NULL','AMBA','BUENOS AIRES'),
 ('1657','SAN MARTIN','LOMA HERMOSA','NULL','AMBA','BUENOS AIRES'),
 ('1658','SAN MARTIN','LOMA HERMOSA','NULL','AMBA','BUENOS AIRES'),
 ('1659','SAN MIGUEL','CAMPO DE MAYO','NULL','AMBA','BUENOS AIRES'),
 ('1660','SAN MIGUEL','CAMPO DE MAYO','NULL','AMBA','BUENOS AIRES'),
 ('1661','SAN MIGUEL','BELLA VISTA','NULL','AMBA','BUENOS AIRES'),
 ('1662','SAN MIGUEL','B. VISTA','NULL','AMBA','BUENOS AIRES'),
 ('1663','SAN MIGUEL','SAN MIGUEL','NULL','AMBA','BUENOS AIRES'),
 ('1664','SAN MIGUEL','SAN MIGUEL','NULL','AMBA','BUENOS AIRES'),
 ('1665','J. C. PAZ','J. C. PAZ','NULL','AMBA','BUENOS AIRES'),
 ('1666','J. C. PAZ','J. C. PAZ','NULL','AMBA','BUENOS AIRES'),
 ('1667','M. ARGENTINAS','TORTUGUITAS','NULL','AMBA','BUENOS AIRES'),
 ('1669','PILAR','D. VISO','NULL','AMBA','BUENOS AIRES'),
 ('1670','TIGRE','NORDELTA','NULL','AMBA','BUENOS AIRES'),
 ('1671','TIGRE','NORDELTA','NULL','AMBA','BUENOS AIRES'),
 ('1672','SAN MARTIN','V. LINCH','NULL','AMBA','BUENOS AIRES'),
 ('1674','3 DE FEBRERO','SAENZ PEÑA','NULL','AMBA','BUENOS AIRES'),
 ('1675','3 DE FEBRERO','VILLA RAFFO','NULL','AMBA','BUENOS AIRES'),
 ('1676','3 DE FEBRERO','SANTOS LUGARES','NULL','AMBA','BUENOS AIRES'),
 ('1678','3 DE FEBRERO','CASEROS','NULL','AMBA','BUENOS AIRES'),
 ('1681','HURLINGHAM','WILLIAM MORRIS','NULL','AMBA','BUENOS AIRES'),
 ('1682','3 DE FEBRERO','V. BOSCH - CORONADO','NULL','AMBA','BUENOS AIRES'),
 ('1683','3 DE FEBRERO','MARTIN CORONADO','NULL','AMBA','BUENOS AIRES'),
 ('1684','MORÓN','PALOMAR','NULL','AMBA','BUENOS AIRES'),
 ('1685','3 DE FEBRERO','EL PALOMAR','NULL','AMBA','BUENOS AIRES'),
 ('1686','HURLINGHAM','HURLINGHAM','NULL','AMBA','BUENOS AIRES'),
 ('1687','3 DE FEBRERO','PABLO PODESTA','NULL','AMBA','BUENOS AIRES'),
 ('1688','HURLINGHAM','VILLA TESEI','NULL','AMBA','BUENOS AIRES'),
 ('1689','3 DE FEBRERO','REMEDIOS DE ESCALADA','NULL','AMBA','BUENOS AIRES'),
 ('1690','SAN MARTIN','LOMA HERMOSA','NULL','AMBA','BUENOS AIRES'),
 ('1691','SAN MARTIN','LOMA HERMOSA','NULL','AMBA','BUENOS AIRES'),
 ('1692','SAN MARTIN','EL LIBERTADOR','NULL','AMBA','BUENOS AIRES'),
 ('1700','MORÓN','MORÓN','NULL','AMBA','BUENOS AIRES'),
 ('1702','3 DE FEBRERO','CIUDADELA','NULL','AMBA','BUENOS AIRES'),
 ('1703','3 DE FEBRERO','JOSE INGENIEROS','NULL','AMBA','BUENOS AIRES'),
 ('1704','LA MATANZA','R. MEJIA','NULL','AMBA','BUENOS AIRES'),
 ('1706','MORÓN','HAEDO','NULL','AMBA','BUENOS AIRES'),
 ('1707','MORON','DOMINGO FAUSTINO SARMIENTO','NULL','AMBA','BUENOS AIRES'),
 ('1708','MORÓN','MORON','NULL','AMBA','BUENOS AIRES'),
 ('1712','MORÓN','CASTELAR','NULL','AMBA','BUENOS AIRES'),
 ('1713','ITUZAINGO','LELOIR - UDAONDO','NULL','AMBA','BUENOS AIRES'),
 ('1714','ITUZAINGO','ITUZAINGO','NULL','AMBA','BUENOS AIRES'),
 ('1715','ITUZAINGO','PARQUE LELOIR','NULL','AMBA','BUENOS AIRES'),
 ('1716','MERLO','LIBERTAD','NULL','AMBA','BUENOS AIRES'),
 ('1718','MERLO','PADUA','NULL','AMBA','BUENOS AIRES'),
 ('1721','MERLO','PARQUE SAN MARTIN','NULL','AMBA','BUENOS AIRES'),
 ('1722','MERLO','MERLO','NULL','AMBA','BUENOS AIRES'),
 ('1723','MERLO','M. ACOSTA - FERRARI','NULL','ECONOMY CORDN 3','OESTE'),
 ('1724','MERLO','MARIANO ACOSTA','NULL','ECONOMY CORDN 3','OESTE'),
 ('1733','GRAL LAS HERAS','PLOMER','NULL','INTERIOR 1','BUENOS AIRES'),
 ('1736','MORENO','TRUJUI','NULL','AMBA','BUENOS AIRES'),
 ('1738','MORENO','LA REJA','NULL','AMBA','BUENOS AIRES'),
 ('1740','MORENO','CUARTEL V','NULL','AMBA','BUENOS AIRES'),
 ('1741','LAS HERAS','LAS HERAS','NULL','INTERIOR 1','BUENOS AIRES'),
 ('1742','MORENO','P. DEL REY','NULL','AMBA','BUENOS AIRES'),
 ('1743','MORENO','MORENO','NULL','AMBA','BUENOS AIRES'),
 ('1744','MORENO','MORENO','NULL','AMBA','BUENOS AIRES'),
 ('1745','MORENO','LA REJA','NULL','AMBA','BUENOS AIRES'),
 ('1746','MORENO','ALVAREZ - LA REJA','NULL','AMBA','BUENOS AIRES'),
 ('1747','MORENO','LA FRATERNIDAD','NULL','AMBA','BUENOS AIRES'),
 ('1748','GRAL RODRIGUEZ','G. RODRIGUEZ','NULL','AMBA','BUENOS AIRES'),
 ('1749','GRAL RODRIGUEZ','GRAL RODRIGUEZ','NULL','AMBA','BUENOS AIRES'),
 ('1750','GRAL RODRIGUEZ','LAS MALVINAS','NULL','AMBA','BUENOS AIRES'),
 ('1751','LA MATANZA','VILLA INSUPERABLE','NULL','AMBA','BUENOS AIRES'),
 ('1752','LA MATANZA','L. DEL MIRADOR','NULL','AMBA','BUENOS AIRES'),
 ('1753','LA MATANZA','VILLA LUZURIAGA','NULL','AMBA','BUENOS AIRES'),
 ('1754','LA MATANZA','S. JUSTO','NULL','AMBA','BUENOS AIRES'),
 ('1755','LA MATANZA','CASTILLO','NULL','AMBA','BUENOS AIRES'),
 ('1757','LA MATANZA','LA FERRERE','NULL','AMBA','BUENOS AIRES'),
 ('1758','LA MATANZA','GONZALEZ CATAN','NULL','AMBA','BUENOS AIRES'),
 ('1759','LA MATANZA','G. CATAN','NULL','AMBA','BUENOS AIRES'),
 ('1761','LA MATANZA','PONTEVEDRA','NULL','AMBA','BUENOS AIRES'),
 ('1763','LA MATANZA','V. DEL PINO','NULL','AMBA','BUENOS AIRES'),
 ('1764','MORENO','VIRREY DEL PINO','NULL','AMBA','BUENOS AIRES'),
 ('1765','LA MATANZA','CASANOVA','NULL','AMBA','BUENOS AIRES'),
 ('1766','LA MATANZA','TABLADA','NULL','AMBA','BUENOS AIRES'),
 ('1768','LA MATANZA','VILLA MADERO','NULL','AMBA','BUENOS AIRES'),
 ('1770','LA MATANZA','TAPIALES','NULL','AMBA','BUENOS AIRES'),
 ('1771','LA MATANZA','CELINA','NULL','AMBA','BUENOS AIRES'),
 ('1772','LA MATANZA','CELINA','NULL','AMBA','BUENOS AIRES'),
 ('1773','LOMAS DE ZAMORA','INGENIERO BUDGE','NULL','AMBA','BUENOS AIRES'),
 ('1774','LA MATANZA','BONZI','NULL','AMBA','BUENOS AIRES'),
 ('1776','LA MATANZA','9 DE JULIO','NULL','AMBA','BUENOS AIRES'),
 ('1778','LA MATANZA','C. EVITA','NULL','AMBA','BUENOS AIRES'),
 ('1781','LA MATANZA','BARRIO SANTA CATALINA','NULL','AMBA','BUENOS AIRES'),
 ('1782','AZUL','MARCOS PAZ B MARTIN FIERRO','NULL','INTERIOR 1','BUENOS AIRES'),
 ('1783','MARCOS PAZ','MARCOS PAZ B LA LONJA','NULL','INTERIOR 1','BUENOS AIRES'),
 ('1784','MARCOS PAZ','MARCOS PAZ B LA MILAGROSA','NULL','INTERIOR 1','BUENOS AIRES'),
 ('1785','LA MATANZA','ALDO BONZI','NULL','AMBA','BUENOS AIRES'),
 ('1786','LA MATANZA','SAN JUSTO B 20 DE JUNIO','NULL','AMBA','BUENOS AIRES'),
 ('1787','MARCOS PAZ','MARCOS PAZ B EL MORO','NULL','INTERIOR 1','BUENOS AIRES'),
 ('1788','MARCOS PAZ','MARCOS PAZ B URIOSTE','NULL','INTERIOR 1','BUENOS AIRES'),
 ('1789','MARCOS PAZ','MARCOS PAZ B SARMIENTO','NULL','INTERIOR 1','BUENOS AIRES'),
 ('1790','MARCOS PAZ','MARCOS PAZ B EL MARTILLO','NULL','INTERIOR 1','BUENOS AIRES'),
 ('1791','MARCOS PAZ','MARCOS PAZ B BERNAASCONI','NULL','INTERIOR 1','BUENOS AIRES'),
 ('1792','MARCOS PAZ','MARCOS PAZ B LOS AROMOS','NULL','INTERIOR 1','BUENOS AIRES'),
 ('1793','MARCOS PAZ','MARCOS PAZ B EL ZORZAL','NULL','INTERIOR 1','BUENOS AIRES'),
 ('1801','EZEIZA','CANNING','NULL','ECONOMY CORDN 3','SUR'),
 ('1802','AEROPUERTO EZEIZA','EZEIZA','NULL','ECONOMY CORDN 3','SUR'),
 ('1803','EZEIZA','LA UNION','NULL','ECONOMY CORDN 3','SUR'),
 ('1804','EZEIZA','EZEIZA','NULL','ECONOMY CORDN 3','SUR'),
 ('1805','ESTEBAN ECHEVERRIA','EL JAGUEL','NULL','ECONOMY CORDN 3','SUR'),
 ('1806','EZEIZA','EZEIZA','NULL','ECONOMY CORDN 3','SUR'),
 ('1807','ESTEBAN ECHEVERRIA','BARRIO STELLA MARIS','NULL','ECONOMY CORDN 3','SUR'),
 ('1808','CAÑUELAS','VICENTE CASARES','NULL','INTERIOR 1','BUENOS AIRES'),
 ('1809','CAÑUELAS','VICENTE CASARES','NULL','INTERIOR 1','BUENOS AIRES'),
 ('1814','CAÑUELAS','CAÑUELAS','NULL','INTERIOR 1','BUENOS AIRES'),
 ('1815','CAÑUELAS','CAÑUELAS','NULL','INTERIOR 1','BUENOS AIRES'),
 ('1816','CAÑUELAS','CAÑUELAS','NULL','INTERIOR 1','BUENOS AIRES'),
 ('1821','LOMAS DE ZAMORA','BANFIELD','NULL','AMBA','BUENOS AIRES'),
 ('1822','LANUS','VALENTIN ALSINA','NULL','AMBA','BUENOS AIRES'),
 ('1823','LANUS','GERLI','NULL','AMBA','BUENOS AIRES'),
 ('1824','LANUS','LANUS','NULL','AMBA','BUENOS AIRES'),
 ('1825','LANUS','MONTE CHINGOLO','NULL','AMBA','BUENOS AIRES'),
 ('1826','LANUS','REMEDIOS DE ESCALADA','NULL','AMBA','BUENOS AIRES'),
 ('1827','LOMAS DE ZAMORA','BANFIELD','NULL','AMBA','BUENOS AIRES'),
 ('1828','LOMAS DE ZAMORA','BANFIELD','NULL','AMBA','BUENOS AIRES'),
 ('1829','LOMAS DE ZAMORA','VILLA ALBERTINA','NULL','AMBA','BUENOS AIRES'),
 ('1831','LOMAS DE ZAMORA','BANFIELD','NULL','AMBA','BUENOS AIRES'),
 ('1832','LOMAS DE ZAMORA','LOMAS DE ZAMORA','NULL','AMBA','BUENOS AIRES'),
 ('1833','ESTEBAN ECHEVERRIA','LUIS GUILLON','NULL','ECONOMY CORDN 3','SUR'),
 ('1834','LOMAS DE ZAMORA','TEMPERLEY','NULL','AMBA','BUENOS AIRES'),
 ('1835','LOMAS DE ZAMORA','TEMPERLEY','NULL','AMBA','BUENOS AIRES'),
 ('1836','LOMAS DE ZAMORA','LLAVALLOL','NULL','AMBA','BUENOS AIRES'),
 ('1837','BERAZATEGUI','SOURIGUES','NULL','ECONOMY CORDN 3','SUR'),
 ('1838','ESTEBAN ECHEVERRIA','LUIS GUILLON','NULL','ECONOMY CORDN 3','SUR'),
 ('1839','ESTEBAN ECHEVERRIA','9 DE ABRIL','NULL','ECONOMY CORDN 3','SUR'),
 ('1840','QUILMES','EZPELETA','NULL','AMBA','BUENOS AIRES'),
 ('1841','ESTEBAN ECHEVERRIA','MONTE GRANDE','NULL','ECONOMY CORDN 3','SUR'),
 ('1842','ESTEBAN ECHEVERRIA','MONTE GRANDE','NULL','ECONOMY CORDN 3','SUR'),
 ('1843','ALTE. BROWN','SAN FRANCISCO SOLANO','NULL','AMBA','BUENOS AIRES'),
 ('1844','ALTE. BROWN','SAN JOSE','NULL','AMBA','BUENOS AIRES'),
 ('1845','ALTE. BROWN','JOSE MARMOL','NULL','AMBA','BUENOS AIRES'),
 ('1846','ALTE. BROWN','ADROGUE','NULL','AMBA','BUENOS AIRES'),
 ('1847','ALTE. BROWN','RAFAEL CALZADA','NULL','AMBA','BUENOS AIRES'),
 ('1848','ALTE. BROWN','MINISTRO RIVADAVIA','NULL','AMBA','BUENOS AIRES'),
 ('1849','ALTE. BROWN','CLAYPOLE','NULL','AMBA','BUENOS AIRES'),
 ('1850','ALTE. BROWN','BARRIO DON ORIONE','NULL','AMBA','BUENOS AIRES'),
 ('1851','ALTE. BROWN','MALVINAS ARGENTINAS','NULL','AMBA','BUENOS AIRES'),
 ('1852','ALTE. BROWN','BURZACO','NULL','AMBA','BUENOS AIRES'),
 ('1853','FLORENCIO VARELA','VILLA VATTEONE','NULL','AMBA','BUENOS AIRES'),
 ('1854','ALTE. BROWN','LONGCHAMPS','NULL','AMBA','BUENOS AIRES'),
 ('1855','QUILMES','VILLA LA FLORIDA','NULL','AMBA','BUENOS AIRES'),
 ('1856','ALTE. BROWN','GLEW','NULL','AMBA','BUENOS AIRES'),
 ('1857','FLORENCIO VARELA','PEREYRA IRAOLA','NULL','AMBA','BUENOS AIRES'),
 ('1858','PRESIDENTE PERON','VILLA NUMANCIA','NULL','AMBA','BUENOS AIRES'),
 ('1859','FLORENCIO VARELA','GOBERNADOR COSTA','NULL','AMBA','BUENOS AIRES'),
 ('1861','BERAZATEGUI','PLATANOS','NULL','ECONOMY CORDN 3','SUR'),
 ('1862','GUERNICA','GUERNICA','NULL','AMBA','BUENOS AIRES'),
 ('1863','FLORENCIO VARELA','ZEBALLOS','NULL','AMBA','BUENOS AIRES'),
 ('1864','SAN VICENTE','ALENJANDRO KORN','NULL','ECONOMY CORDN 3','SUR'),
 ('1865','SAN VICENTE','SAN VICENTE','NULL','ECONOMY CORDN 3','SUR'),
 ('1866','FLORENCIO VARELA','EL PAMPERO','NULL','AMBA','BUENOS AIRES'),
 ('1867','FLORENCIO VARELA','SANTA ROSA','NULL','AMBA','BUENOS AIRES'),
 ('1868','AVELLANEDA','AVELLANEDA','NULL','AMBA','BUENOS AIRES'),
 ('1869','AVELLANEDA','GERLI','NULL','AMBA','BUENOS AIRES'),
 ('1870','AVELLANEDA','AVELLANEDA','NULL','AMBA','BUENOS AIRES'),
 ('1871','AVELLANEDA','DOCK SUD','NULL','AMBA','BUENOS AIRES'),
 ('1872','AVELLANEDA','SARANDI','NULL','AMBA','BUENOS AIRES'),
 ('1873','AVELLANEDA','CRUSECITA','NULL','AMBA','BUENOS AIRES'),
 ('1874','AVELLANEDA','VILLA DOMINICO','NULL','AMBA','BUENOS AIRES'),
 ('1875','AVELLANEDA','WILDE','NULL','AMBA','BUENOS AIRES'),
 ('1876','QUILMES','BERNAL OESTE','NULL','AMBA','BUENOS AIRES'),
 ('1877','QUILMES','BON BOSCO','NULL','AMBA','BUENOS AIRES'),
 ('1878','QUILMES','QUILMES','NULL','AMBA','BUENOS AIRES'),
 ('1879','QUILMES','QUILMES OESTE','NULL','AMBA','BUENOS AIRES'),
 ('1880','BERAZATEGUI','BERAZATEGUI','NULL','ECONOMY CORDN 3','SUR'),
 ('1881','QUILMES','SAN FRANCISCO SOLANO','NULL','AMBA','BUENOS AIRES'),
 ('1882','QUILMES','EZPELETA','NULL','AMBA','BUENOS AIRES'),
 ('1883','QUILMES','BERNAL OESTE','NULL','AMBA','BUENOS AIRES'),
 ('1884','BERAZATEGUI','BERAZATEGUI','NULL','ECONOMY CORDN 3','SUR'),
 ('1885','BERAZATEGUI','BERAZATEGUI','NULL','ECONOMY CORDN 3','SUR'),
 ('1886','BERAZATEGUI','BERAZATEGUI','NULL','ECONOMY CORDN 3','SUR'),
 ('1887','FLORENCIO VARELA','FLORENCIO VARELA','NULL','AMBA','BUENOS AIRES'),
 ('1888','FLORENCIO VARELA','FLORENCIO VARELA','NULL','AMBA','BUENOS AIRES'),
 ('1889','FLORENCIO VARELA','BOSQUES','NULL','ECONOMY CORDN 3','SUR'),
 ('1890','BERAZATEGUI','JUAN MARIA GUTIERREZ','NULL','ECONOMY CORDN 3','SUR'),
 ('1891','FLORENCIO VARELA','INGENIERO ALLAN','NULL','ECONOMY CORDN 3','SUR'),
 ('1892','FLORENCIO VARELA','EL PATO','NULL','ECONOMY CORDN 3','SUR'),
 ('1893','BERAZATEGUI','EL PATO','NULL','ECONOMY CORDN 3','SUR'),
 ('1894','LA PLATA','VILLA ELISA','NULL','ECONOMY CORDN 3','LA PLATA'),
 ('1895','LA PLATA','ARTURO SEGUI','NULL','ECONOMY CORDN 3','LA PLATA'),
 ('1896','LA PLATA','CITY BELL','NULL','ECONOMY CORDN 3','LA PLATA'),
 ('1897','LA PLATA','GONNET','NULL','ECONOMY CORDN 3','LA PLATA'),
 ('1898','LA PLATA','GORINA','NULL','ECONOMY CORDN 3','LA PLATA'),
 ('1900','LA PLATA','LA PLATA','NULL','ECONOMY CORDN 3','LA PLATA'),
 ('1901','LA PLATA','RINGUELET','NULL','ECONOMY CORDN 3','LA PLATA'),
 ('1902','LA PLATA','LA PLATA','NULL','ECONOMY CORDN 3','LA PLATA'),
 ('1903','BUCHANAN','GOMEZ','NULL','INTERIOR 1','BUENOS AIRES'),
 ('1904','LA PLATA','LA PLATA','NULL','ECONOMY CORDN 3','LA PLATA'),
 ('1905','POBLET','poblet','NULL','INTERIOR 1','BUENOS AIRES'),
 ('1906','LA PLATA','LA PLATA','NULL','ECONOMY CORDN 3','LA PLATA'),
 ('1907','NUEVA HERMOSURA','EL CARMEN','NULL','INTERIOR 1','BUENOS AIRES'),
 ('1908','LA JOSEFA','LA JOSEFA','NULL','INTERIOR 1','BUENOS AIRES'),
 ('1909','ARANA','ARANA','NULL','INTERIOR 1','BUENOS AIRES'),
 ('1910','LOS HORNOS','LOS HORNOS','NULL','INTERIOR 1','BUENOS AIRES'),
 ('1911','BAVIO','TODD','NULL','INTERIOR 1','BUENOS AIRES'),
 ('1912','LA PLATA','AEROPARQUE','NULL','INTERIOR 1','BUENOS AIRES'),
 ('1913','MAGDALENA','MAGDALENA','NULL','INTERIOR 1','BUENOS AIRES'),
 ('1914','VILLA GARIBALDI','VILLA GARIBALDI','NULL','INTERIOR 1','BUENOS AIRES'),
 ('1915','VIEYTES','BARRIO EL PORTEÑO','NULL','INTERIOR 1','BUENOS AIRES'),
 ('1916','LA PLATA','LA PLATA','NULL','ECONOMY CORDN 3','LA PLATA'),
 ('1917','VERONICA','VERONICA','NULL','INTERIOR 1','BUENOS AIRES'),
 ('1919','PUNTA INDIO','PUNTA INDIO','NULL','INTERIOR 1','BUENOS AIRES'),
 ('1921','PIÑEIRO','ALVAREZ JONTE / PIPINAS','NULL','INTERIOR 1','BUENOS AIRES'),
 ('1923','BERISSO','BERISSO','NULL','ECONOMY CORDN 3','LA PLATA'),
 ('1924','LA PLATA','BERISSO','NULL','ECONOMY CORDN 3','LA PLATA'),
 ('1925','ENSENADA','ENSENADA','NULL','ECONOMY CORDN 3','LA PLATA'),
 ('1926','LA PLATA','ENSENADA','NULL','ECONOMY CORDN 3','LA PLATA'),
 ('1927','ENSENADA','ESCUELA NAVAL RIO SANTIAGO','NULL','ECONOMY CORDN 3','LA PLATA'),
 ('1929','ENSENADA','ISLA SANTIAGO','NULL','ECONOMY CORDN 3','LA PLATA'),
 ('1931','ENSENADA','PUNTA LARA','NULL','ECONOMY CORDN 3','LA PLATA'),
 ('1932','LA PLATA','VA INDEPENDENCIA (V AZUL - B)','NULL','ECONOMY CORDN 3','LA PLATA'),
 ('1933','LA PLATA','ABASTO','NULL','ECONOMY CORDN 3','LA PLATA'),
 ('1935','ESTACION MORENO','LISANDRO OLMOS','NULL','INTERIOR 1','BUENOS AIRES'),
 ('1942','LA PLATA','LOS TALAS','NULL','INTERIOR 1','BUENOS AIRES'),
 ('1947','MAGDALENA','ATALAYA','NULL','INTERIOR 1','BUENOS AIRES'),
 ('1948','MAGDALENA','EMPALME MAGDALENA','NULL','INTERIOR 1','BUENOS AIRES'),
 ('1952','PUNTA INDIO','PUNTA INDIO','NULL','INTERIOR 1','BUENOS AIRES'),
 ('1972','BRANDSEN','OLIDEN','NULL','INTERIOR 1','BUENOS AIRES'),
 ('1980','CORONEL BRANDSEN','BARRIO LA DOLLY','NULL','INTERIOR 1','BUENOS AIRES'),
 ('1981','CORONEL BRANDSEN','GOBERNADOR OBLIGADO','NULL','INTERIOR 1','BUENOS AIRES'),
 ('1983','CORONEL BRANDSEN','GOMEZ','NULL','INTERIOR 1','BUENOS AIRES'),
 ('1984','CORONEL BRANDSEN','DOMSELAAR','NULL','INTERIOR 1','BUENOS AIRES'),
 ('1986','BRANDSEN','ALTAMIRANO','NULL','INTERIOR 1','BUENOS AIRES'),
 ('1987','GRAL PAZ','RANCHOS','NULL','INTERIOR 1','BUENOS AIRES'),
 ('2000','NULL','ROSARIO','NULL','INTERIOR 1','SANTA FE'),
 ('2004','NULL','ROSARIO','NULL','INTERIOR 1','SANTA FE'),
 ('2005','NULL','ROSARIO','NULL','INTERIOR 1','SANTA FE'),
 ('2008','NULL','ROSARIO','NULL','INTERIOR 1','SANTA FE'),
 ('2010','NULL','ROSARIO','NULL','INTERIOR 1','SANTA FE'),
 ('2011','NULL','ROSARIO','NULL','INTERIOR 1','SANTA FE'),
 ('2012','NULL','ROSARIO','NULL','INTERIOR 1','SANTA FE'),
 ('2013','NULL','ROSARIO','NULL','INTERIOR 1','SANTA FE'),
 ('2100','NULL','NULL','NULL','INTERIOR 1','ENTRE RIOS'),
 ('2101','NULL','NULL','NULL','INTERIOR 1','SANTA FE'),
 ('2102','ROSARIO','VILLA AMELIA','NULL','INTERIOR 1','SANTA FE'),
 ('2103','NULL','NULL','NULL','INTERIOR 1','SANTA FE'),
 ('2104','CONSTITUCION','JUAN B MOLINA','NULL','INTERIOR 1','SANTA FE'),
 ('2105','NULL','NULL','NULL','INTERIOR 1','SANTA FE'),
 ('2106','CONSTITUCION','SARGENTO CABRAL','NULL','INTERIOR 1','SANTA FE'),
 ('2107','NULL','NULL','NULL','INTERIOR 1','SANTA FE'),
 ('2108','ROSARIO','SOLDINI','NULL','INTERIOR 1','SANTA FE'),
 ('2109','NULL','NULL','NULL','INTERIOR 1','SANTA FE'),
 ('2110','ROSARIO','PAVON ARRIBA','NULL','INTERIOR 1','SANTA FE'),
 ('2111','NULL','NULL','NULL','INTERIOR 1','SANTA FE'),
 ('2112','ROSARIO','URANGA','NULL','INTERIOR 1','SANTA FE'),
 ('2113','CONSTITUCION','PEYRANO','NULL','INTERIOR 1','SANTA FE'),
 ('2114','ROSARIO','CORONEL DOMINGUEZ','NULL','INTERIOR 1','SANTA FE'),
 ('2115','NULL','NULL','NULL','INTERIOR 1','SANTA FE'),
 ('2117','NULL','NULL','NULL','INTERIOR 2','SANTA FE'),
 ('2118','CONSTITUCION','CEPEDA','NULL','INTERIOR 1','SANTA FE'),
 ('2119','NULL','NULL','NULL','INTERIOR 1','SANTA FE'),
 ('2120','ROSARIO','PUEBLO MUÑOZ','NULL','INTERIOR 1','SANTA FE'),
 ('2121','ROSARIO','SAN SEBASTIAN','NULL','INTERIOR 1','SANTA FE'),
 ('2122','ROSARIO','PUJATO','NULL','INTERIOR 1','SANTA FE'),
 ('2123','NULL','NULL','NULL','INTERIOR 1','SANTA FE'),
 ('2124','NULL','NULL','NULL','INTERIOR 1','SANTA FE'),
 ('2125','ROSARIO','ZAVALLA','NULL','INTERIOR 1','SANTA FE'),
 ('2126','NULL','NULL','NULL','INTERIOR 1','SANTA FE'),
 ('2127','ROSARIO','GENERAL LAGOS','NULL','INTERIOR 1','SANTA FE'),
 ('2128','NULL','NULL','NULL','INTERIOR 1','SANTA FE'),
 ('2129','ROSARIO','PUEBLO ESTHER','NULL','INTERIOR 1','SANTA FE'),
 ('2130','ROSARIO','ALVEAR','NULL','INTERIOR 1','SANTA FE'),
 ('2131','ROSARIO','CORONEL ARNOLD','NULL','INTERIOR 1','SANTA FE'),
 ('2132','NULL','NULL','NULL','INTERIOR 1','SANTA FE'),
 ('2133','CONSTITUCION','LA VANGUARDIA','NULL','INTERIOR 1','SANTA FE'),
 ('2134','ROSARIO','ROLDAN','NULL','INTERIOR 1','SANTA FE'),
 ('2135','ROSARIO','CARMEN DEL SAUCE','NULL','INTERIOR 1','SANTA FE'),
 ('2136','ROSARIO','SAN JERNIMO','NULL','INTERIOR 1','SANTA FE'),
 ('2138','NULL','NULL','NULL','INTERIOR 1','SANTA FE'),
 ('2139','CASEROS','CHAÑAR LADEADO','NULL','INTERIOR 1','SANTA FE'),
 ('2141','ROSARIO','LA SALADA','NULL','INTERIOR 1','SANTA FE'),
 ('2142','NULL','NULL','NULL','INTERIOR 1','SANTA FE'),
 ('2143','ROSARIO','IBARLUCEA','NULL','INTERIOR 1','SANTA FE'),
 ('2144','NULL','NULL','NULL','INTERIOR 1','SANTA FE'),
 ('2146','NULL','NULL','NULL','INTERIOR 1','SANTA FE'),
 ('2147','ROSARIO','SAN GENARO NORTE','NULL','INTERIOR 1','SANTA FE'),
 ('2148','NULL','NULL','NULL','INTERIOR 1','SANTA FE'),
 ('2149','ROSARIO','CASAS','NULL','INTERIOR 1','SANTA FE'),
 ('2150','ROSARIO','LUCIO V LOPEZ','NULL','INTERIOR 1','SANTA FE'),
 ('2151','ROSARIO','CLASON','NULL','INTERIOR 1','SANTA FE'),
 ('2152','NULL','NULL','NULL','INTERIOR 1','SANTA FE'),
 ('2153','ROSARIO','LAS BANDURRIAS','NULL','INTERIOR 1','SANTA FE'),
 ('2154','NULL','NULL','NULL','INTERIOR 1','SANTA FE'),
 ('2156','NULL','NULL','NULL','INTERIOR 1','SANTA FE'),
 ('2170','NULL','NULL','NULL','INTERIOR 1','SANTA FE'),
 ('2173','NULL','NULL','NULL','INTERIOR 1','SANTA FE'),
 ('2174','CASEROS','SANFORD','NULL','INTERIOR 1','SANTA FE'),
 ('2175','NULL','NULL','NULL','INTERIOR 1','SANTA FE'),
 ('2176','CASEROS','VILLADA','NULL','INTERIOR 1','SANTA FE'),
 ('2177','NULL','NULL','NULL','INTERIOR 1','SANTA FE'),
 ('2179','NULL','NULL','NULL','INTERIOR 1','SANTA FE'),
 ('2181','NULL','NULL','NULL','INTERIOR 1','SANTA FE'),
 ('2183','NULL','NULL','NULL','INTERIOR 1','SANTA FE'),
 ('2184','ROSARIO','LOS NOGALES','NULL','INTERIOR 1','SANTA FE'),
 ('2185','NULL','NULL','NULL','INTERIOR 1','SANTA FE'),
 ('2187','NULL','NULL','NULL','INTERIOR 1','SANTA FE'),
 ('2189','NULL','NULL','NULL','INTERIOR 1','CORDOBA'),
 ('2200','NULL','NULL','NULL','INTERIOR 1','SANTA FE'),
 ('2201','ROSARIO','RICARDONE','NULL','INTERIOR 1','SANTA FE'),
 ('2202','NULL','NULL','NULL','INTERIOR 1','SANTA FE'),
 ('2204','NULL','NULL','NULL','INTERIOR 1','SANTA FE'),
 ('2206','NULL','NULL','NULL','INTERIOR 1','SANTA FE'),
 ('2208','NULL','NULL','NULL','INTERIOR 1','SANTA FE'),
 ('2209','SAN JERONIMO','MACIEL','NULL','INTERIOR 1','SANTA FE'),
 ('2212','NULL','NULL','NULL','INTERIOR 1','SANTA FE'),
 ('2214','NULL','NULL','NULL','INTERIOR 1','SANTA FE'),
 ('2215','NULL','SANTA FE','NULL','INTERIOR 1','SANTA FE'),
 ('2216','NULL','NULL','NULL','INTERIOR 1','SANTA FE'),
 ('2218','NULL','NULL','NULL','INTERIOR 1','SANTA FE'),
 ('2222','NULL','NULL','NULL','INTERIOR 1','SANTA FE'),
 ('2223','NULL','PINZON','NULL','INTERIOR 1','SANTA FE'),
 ('2240','NULL','NULL','NULL','INTERIOR 1','SANTA FE'),
 ('2241','NULL','NULL','NULL','INTERIOR 1','SANTA FE'),
 ('2242','NULL','NULL','NULL','INTERIOR 1','SANTA FE'),
 ('2243','SAN JERONIMO','SAN FABIAN','NULL','INTERIOR 1','SANTA FE'),
 ('2244','SAN JERONIMO','DESVIO ARIJON','NULL','INTERIOR 1','SANTA FE'),
 ('2245','SAN JERONIMO','BRIO CAIMA','NULL','INTERIOR 1','SANTA FE'),
 ('2246','NULL','NULL','NULL','INTERIOR 1','SANTA FE'),
 ('2248','NULL','NULL','NULL','INTERIOR 1','SANTA FE'),
 ('2252','NULL','NULL','NULL','INTERIOR 1','SANTA FE'),
 ('2253','NULL','NULL','NULL','INTERIOR 1','SANTA FE'),
 ('2254','SAN JERONIMO','LOMA ALTA','NULL','INTERIOR 1','SANTA FE'),
 ('2255','NULL','NULL','NULL','INTERIOR 1','SANTA FE'),
 ('2256','SAN JERONIMO','SAN EUGENIO','NULL','INTERIOR 1','SANTA FE'),
 ('2257','NULL','NULL','NULL','INTERIOR 1','SANTA FE'),
 ('2258','NULL','NULL','NULL','INTERIOR 1','SANTA FE'),
 ('2300','NULL','NULL','NULL','INTERIOR 1','SANTA FE'),
 ('2301','NULL','NULL','NULL','INTERIOR 1','SANTA FE'),
 ('2302','CASTELLANOS','SUSANA','NULL','INTERIOR 1','SANTA FE'),
 ('2303','NULL','NULL','NULL','INTERIOR 1','SANTA FE'),
 ('2305','NULL','NULL','NULL','INTERIOR 1','SANTA FE'),
 ('2306','CASTELLANOS','VILA','NULL','INTERIOR 1','SANTA FE'),
 ('2307','NULL','NULL','NULL','INTERIOR 1','SANTA FE'),
 ('2308','CASTELLANOS','BELLA ITALIA','NULL','INTERIOR 1','SANTA FE'),
 ('2309','NULL','NULL','NULL','INTERIOR 1','SANTA FE'),
 ('2310','CASTELLANOS','COLONIA CASTELLANOS','NULL','INTERIOR 1','SANTA FE'),
 ('2311','NULL','NULL','NULL','INTERIOR 1','SANTA FE'),
 ('2312','CASTELLANOS','COLONIA SAN ANTONIO','NULL','INTERIOR 1','SANTA FE'),
 ('2313','NULL','NULL','NULL','INTERIOR 1','SANTA FE'),
 ('2314','CASTELLANOS','ESTACION SAGUIER','NULL','INTERIOR 1','SANTA FE'),
 ('2315','NULL','NULL','NULL','INTERIOR 1','SANTA FE'),
 ('2317','NULL','NULL','NULL','INTERIOR 1','SANTA FE'),
 ('2318','NULL','NULL','NULL','INTERIOR 1','SANTA FE'),
 ('2319','CASTELLANOS','EGUSQUIZA','NULL','INTERIOR 1','SANTA FE'),
 ('2320','CASTELLANOS','PUEBLO SAN ANTONIO','NULL','INTERIOR 1','SANTA FE'),
 ('2321','CASTELLANOS','SAGUIER','NULL','INTERIOR 1','SANTA FE'),
 ('2322','NULL','NULL','NULL','INTERIOR 1','SANTA FE'),
 ('2323','CASTELLANOS','VILLA SAN JOSE','NULL','INTERIOR 1','SANTA FE'),
 ('2324','NULL','NULL','NULL','INTERIOR 1','SANTA FE'),
 ('2326','NULL','NULL','NULL','INTERIOR 1','SANTA FE'),
 ('2330','CASTELLANOS','EUSEBIA','NULL','INTERIOR 1','SANTA FE'),
 ('2339','SAN CRISTOBAL','AMBROSETTI','NULL','INTERIOR 1','SANTA FE'),
 ('2340','NULL','NULL','NULL','INTERIOR 1','SANTA FE'),
 ('2341','NULL','NULL','NULL','INTERIOR 1','CORDOBA'),
 ('2342','NULL','NULL','NULL','INTERIOR 1','SANTA FE'),
 ('2344','NULL','NULL','NULL','INTERIOR 1','SANTA FE'),
 ('2345','NULL','NULL','NULL','INTERIOR 1','SANTA FE'),
 ('2347','NULL','NULL','NULL','INTERIOR 1','SANTA FE'),
 ('2348','SAN CRISTOBAL','MONIGOTES','NULL','INTERIOR 1','SANTA FE'),
 ('2349','NULL','NULL','NULL','INTERIOR 1','CORDOBA'),
 ('2350','SAN CRISTOBAL','LA RUBIA','NULL','INTERIOR 1','SANTA FE'),
 ('2351','SAN CRISTOBAL','COLONIA ROSA','NULL','INTERIOR 1','SANTA FE'),
 ('2352','NULL','NULL','NULL','INTERIOR 1','SANTA FE'),
 ('2354','NULL','NULL','NULL','INTERIOR 1','SGO. DEL ESTERO'),
 ('2355','SAN CRISTOBAL','MALBRAN','NULL','INTERIOR 2','SANTA FE'),
 ('2356','NULL','NULL','NULL','INTERIOR 1','SGO. DEL ESTERO'),
 ('2357','NULL','NULL','NULL','INTERIOR 1','SGO. DEL ESTERO'),
 ('2400','NULL','NULL','NULL','INTERIOR 1','CORDOBA'),
 ('2401','NULL','NULL','NULL','INTERIOR 1','SANTA FE'),
 ('2403','NULL','NULL','NULL','INTERIOR 1','SANTA FE'),
 ('2404','CASTELLANOS','COLONIA JOSEFINA','NULL','INTERIOR 1','SANTA FE'),
 ('2405','NULL','NULL','NULL','INTERIOR 1','SANTA FE'),
 ('2407','NULL','NULL','NULL','INTERIOR 1','SANTA FE'),
 ('2408','CASTELLANOS','ESTACION CLUCELLAS','NULL','INTERIOR 1','SANTA FE'),
 ('2409','NULL','NULL','NULL','INTERIOR 1','SANTA FE'),
 ('2411','NULL','NULL','NULL','INTERIOR 1','CORDOBA'),
 ('2412','SAN JUSTO','COLONIA CEFERINA','NULL','INTERIOR 1','CORDOBA'),
 ('2413','NULL','NULL','NULL','INTERIOR 1','CORDOBA'),
 ('2414','SAN JUSTO','COLONIA VALTELINA','NULL','INTERIOR 1','CORDOBA'),
 ('2415','NULL','NULL','NULL','INTERIOR 1','CORDOBA'),
 ('2416','SAN JUSTO','LA PAQUITA','NULL','INTERIOR 1','CORDOBA'),
 ('2417','NULL','NULL','NULL','INTERIOR 1','CORDOBA'),
 ('2418','SAN JUSTO','SEEBER','NULL','INTERIOR 1','CORDOBA'),
 ('2419','NULL','NULL','NULL','INTERIOR 1','CORDOBA'),
 ('2420','SAN JUSTO','COLONIA VIGNAUD','NULL','INTERIOR 1','CORDOBA'),
 ('2421','NULL','NULL','NULL','INTERIOR 1','CORDOBA'),
 ('2422','SAN JUSTO','QUEBRACHO HERRADO','NULL','INTERIOR 1','CORDOBA'),
 ('2423','NULL','NULL','NULL','INTERIOR 1','CORDOBA'),
 ('2424','NULL','NULL','NULL','INTERIOR 1','CORDOBA'),
 ('2425','SAN JUSTO','LA FRANCIA','NULL','INTERIOR 1','CORDOBA'),
 ('2426','NULL','NULL','NULL','INTERIOR 1','CORDOBA'),
 ('2427','SAN JUSTO','MONTE GRANDE','NULL','INTERIOR 1','CORDOBA'),
 ('2428','NULL','NULL','NULL','INTERIOR 1','CORDOBA'),
 ('2429','SAN JUSTO','LA TORDILLA NORTE','NULL','INTERIOR 1','CORDOBA'),
 ('2432','NULL','NULL','NULL','INTERIOR 1','CORDOBA'),
 ('2433','NULL','NULL','NULL','INTERIOR 1','CORDOBA'),
 ('2434','NULL','NULL','NULL','INTERIOR 1','CORDOBA'),
 ('2435','NULL','NULL','NULL','INTERIOR 1','CORDOBA'),
 ('2436','NULL','NULL','NULL','INTERIOR 1','CORDOBA'),
 ('2438','NULL','NULL','NULL','INTERIOR 1','SANTA FE'),
 ('2440','NULL','NULL','NULL','INTERIOR 1','SANTA FE'),
 ('2441','NULL','NULL','NULL','INTERIOR 1','SANTA FE'),
 ('2443','NULL','NULL','NULL','INTERIOR 1','SANTA FE'),
 ('2445','NULL','NULL','NULL','INTERIOR 1','SANTA FE'),
 ('2446','NULL','PUEBLO MARIA JUANA','NULL','INTERIOR 1','SANTA FE'),
 ('2447','NULL','NULL','NULL','INTERIOR 1','SANTA FE'),
 ('2449','NULL','NULL','NULL','INTERIOR 1','SANTA FE'),
 ('2451','NULL','NULL','NULL','INTERIOR 1','SANTA FE'),
 ('2452','SAN MARTIN','SAN JORGE','NULL','INTERIOR 1','SANTA FE'),
 ('2453','NULL','NULL','NULL','INTERIOR 1','SANTA FE'),
 ('2454','NULL','NULL','NULL','INTERIOR 1','SANTA FE'),
 ('2456','NULL','NULL','NULL','INTERIOR 1','SANTA FE'),
 ('2469','LA CAPITAL','CANDIOTI','NULL','INTERIOR 1','SANTA FE'),
 ('2494','LAS COLONIAS','COSTA DEL TOBA','NULL','INTERIOR 1','SANTA FE'),
 ('2495','LAS COLONIAS','SANTA FELICIA','NULL','INTERIOR 1','SANTA FE'),
 ('2500','NULL','NULL','NULL','INTERIOR 1','SANTA FE'),
 ('2501','NULL','NULL','NULL','INTERIOR 1','SANTA FE'),
 ('2502','ROSARIO','MARIA LUISA CORREA','NULL','INTERIOR 1','SANTA FE'),
 ('2503','IRIONDO','VILLA ELOISA','NULL','INTERIOR 1','SANTA FE'),
 ('2504','ROSARIO','BUSTINZA','NULL','INTERIOR 1','SANTA FE'),
 ('2505','NULL','NULL','NULL','INTERIOR 1','SANTA FE'),
 ('2506','NULL','NULL','NULL','INTERIOR 1','SANTA FE'),
 ('2508','NULL','NULL','NULL','INTERIOR 1','SANTA FE'),
 ('2512','NULL','NULL','NULL','INTERIOR 1','CORDOBA'),
 ('2520','NULL','NULL','NULL','INTERIOR 1','SANTA FE'),
 ('2521','NULL','NULL','NULL','INTERIOR 1','SANTA FE'),
 ('2523','NULL','NULL','NULL','INTERIOR 1','SANTA FE'),
 ('2525','NULL','NULL','NULL','INTERIOR 1','CORDOBA'),
 ('2527','NULL','NULL','NULL','INTERIOR 1','SANTA FE'),
 ('2529','SAN MARTIN','PIAMONTE','NULL','INTERIOR 1','SANTA FE'),
 ('2531','NULL','NULL','NULL','INTERIOR 1','SANTA FE'),
 ('2533','NULL','NULL','NULL','INTERIOR 1','SANTA FE'),
 ('2535','NULL','NULL','NULL','INTERIOR 1','SANTA FE'),
 ('2550','NULL','NULL','NULL','INTERIOR 1','CORDOBA'),
 ('2551','NULL','NULL','NULL','INTERIOR 1','CORDOBA'),
 ('2553','NULL','NULL','NULL','INTERIOR 1','CORDOBA'),
 ('2555','NULL','NULL','NULL','INTERIOR 1','CORDOBA'),
 ('2557','NULL','NULL','NULL','INTERIOR 1','CORDOBA'),
 ('2559','NULL','NULL','NULL','INTERIOR 1','CORDOBA'),
 ('2560','UNION','SAN ANTONIO DE LITIN','NULL','INTERIOR 1','CORDOBA'),
 ('2561','NULL','NULL','NULL','INTERIOR 1','CORDOBA'),
 ('2563','NULL','NULL','NULL','INTERIOR 1','CORDOBA'),
 ('2564','NULL','NULL','NULL','INTERIOR 1','CORDOBA'),
 ('2566','NULL','SAN MARCOS','NULL','INTERIOR 1','CORDOBA'),
 ('2568','NULL','NULL','NULL','INTERIOR 1','CORDOBA'),
 ('2569','SAN JAVIER','SAN JOSE','NULL','INTERIOR 1','CORDOBA'),
 ('2572','NULL','NULL','NULL','INTERIOR 1','CORDOBA'),
 ('2573','UNION','BALLESTEROS SUD','NULL','INTERIOR 1','CORDOBA'),
 ('2580','NULL','NULL','NULL','INTERIOR 1','CORDOBA'),
 ('2581','NULL','NULL','NULL','INTERIOR 1','CORDOBA'),
 ('2583','NULL','NULL','NULL','INTERIOR 1','CORDOBA'),
 ('2585','NULL','NULL','NULL','INTERIOR 1','CORDOBA'),
 ('2587','NULL','NULL','NULL','INTERIOR 1','CORDOBA'),
 ('2588','MARCOS JUAREZ','SALADILLO','NULL','INTERIOR 1','CORDOBA'),
 ('2589','NULL','NULL','NULL','INTERIOR 1','CORDOBA'),
 ('2592','NULL','NULL','NULL','INTERIOR 1','CORDOBA'),
 ('2594','NULL','NULL','NULL','INTERIOR 1','CORDOBA'),
 ('2600','GENERAL LOPEZ','VENADO TUERTO','NULL','INTERIOR 1','SANTA FE'),
 ('2601','NULL','NULL','NULL','INTERIOR 1','SANTA FE'),
 ('2602','GENERAL LOPEZ','LA CHISPA','NULL','INTERIOR 1','SANTA FE'),
 ('2603','NULL','NULL','NULL','INTERIOR 1','SANTA FE'),
 ('2604','GENERAL LOPEZ','SAN FRANCISCO DE SANTA FE','NULL','INTERIOR 1','SANTA FE'),
 ('2605','GENERAL LOPEZ','OTTO BEMBERG','NULL','INTERIOR 1','SANTA FE'),
 ('2607','NULL','NULL','NULL','INTERIOR 1','SANTA FE'),
 ('2609','NULL','NULL','NULL','INTERIOR 2','SANTA FE'),
 ('2611','NULL','NULL','NULL','INTERIOR 1','SANTA FE'),
 ('2613','NULL','NULL','NULL','INTERIOR 1','SANTA FE'),
 ('2615','NULL','NULL','NULL','INTERIOR 1','SANTA FE'),
 ('2617','GENERAL LOPEZ','SANCTI SPIRITU','NULL','INTERIOR 1','SANTA FE'),
 ('2618','NULL','NULL','NULL','INTERIOR 1','SANTA FE'),
 ('2619','NULL','NULL','NULL','INTERIOR 1','CORDOBA'),
 ('2622','NULL','NULL','NULL','INTERIOR 1','SANTA FE'),
 ('2624','NULL','NULL','NULL','INTERIOR 1','CORDOBA'),
 ('2625','NULL','NULL','NULL','INTERIOR 1','CORDOBA'),
 ('2627','NULL','NULL','NULL','INTERIOR 1','CORDOBA'),
 ('2630','NULL','NULL','NULL','INTERIOR 1','SANTA FE'),
 ('2631','NULL','NULL','NULL','INTERIOR 1','SANTA FE'),
 ('2633','NULL','NULL','NULL','INTERIOR 1','SANTA FE'),
 ('2635','NULL','NULL','NULL','INTERIOR 1','SANTA FE'),
 ('2637','NULL','NULL','NULL','INTERIOR 1','SANTA FE'),
 ('2639','NULL','NULL','NULL','INTERIOR 1','SANTA FE'),
 ('2640','CASEROS','GODEKEN','NULL','INTERIOR 1','SANTA FE'),
 ('2643','NULL','NULL','NULL','INTERIOR 1','SANTA FE'),
 ('2644','NULL','CAP GRAL BERNARDO O HIGGINS','NULL','INTERIOR 1','SANTA FE'),
 ('2645','NULL','NULL','NULL','INTERIOR 1','CORDOBA'),
 ('2646','MARCOS JUAREZ','COLONIA ITALIANA','NULL','INTERIOR 1','CORDOBA'),
 ('2650','NULL','NULL','NULL','INTERIOR 1','CORDOBA'),
 ('2651','NULL','NULL','NULL','INTERIOR 1','CORDOBA'),
 ('2652','UNION','COLONIA BISMARCK','NULL','INTERIOR 1','CORDOBA'),
 ('2653','UNION','PUEBLO ITALIANO','NULL','INTERIOR 1','CORDOBA'),
 ('2655','UNION','WENCESLAO ESCALANTE','NULL','INTERIOR 1','CORDOBA'),
 ('2657','NULL','NULL','NULL','INTERIOR 1','CORDOBA'),
 ('2659','NULL','NULL','NULL','INTERIOR 1','CORDOBA'),
 ('2661','NULL','NULL','NULL','INTERIOR 1','CORDOBA'),
 ('2662','NULL','NULL','NULL','INTERIOR 1','CORDOBA'),
 ('2664','NULL','NULL','NULL','INTERIOR 1','CORDOBA'),
 ('2670','NULL','NULL','NULL','INTERIOR 1','CORDOBA'),
 ('2671','NULL','NULL','NULL','INTERIOR 1','CORDOBA'),
 ('2675','NULL','NULL','NULL','INTERIOR 1','CORDOBA'),
 ('2677','JUAREZ CELMAN','UCACHA','NULL','INTERIOR 1','CORDOBA'),
 ('2679','NULL','NULL','NULL','INTERIOR 1','CORDOBA'),
 ('2681','NULL','NULL','NULL','INTERIOR 1','CORDOBA'),
 ('2684','NULL','NULL','NULL','INTERIOR 1','CORDOBA'),
 ('2686','NULL','NULL','NULL','INTERIOR 1','CORDOBA'),
 ('2700','NULL','NULL','NULL','INTERIOR 1','BUENOS AIRES'),
 ('2701','NULL','NULL','NULL','INTERIOR 1','BUENOS AIRES'),
 ('2702','PERGAMINO','PERGAMINO','NULL','INTERIOR 1','BUENOS AIRES'),
 ('2703','NULL','NULL','NULL','INTERIOR 1','BUENOS AIRES'),
 ('2704','PERGAMINO','RANCAGUA','NULL','INTERIOR 1','BUENOS AIRES'),
 ('2705','NULL','NULL','NULL','INTERIOR 1','BUENOS AIRES'),
 ('2706','PERGAMINO','GUERRICO','NULL','INTERIOR 1','BUENOS AIRES'),
 ('2707','NULL','NULL','NULL','INTERIOR 1','BUENOS AIRES'),
 ('2709','NULL','NULL','NULL','INTERIOR 1','BUENOS AIRES'),
 ('2711','NULL','NULL','NULL','INTERIOR 1','BUENOS AIRES'),
 ('2713','NULL','NULL','NULL','INTERIOR 1','BUENOS AIRES'),
 ('2715','NULL','NULL','NULL','INTERIOR 1','BUENOS AIRES'),
 ('2717','NULL','NULL','NULL','INTERIOR 1','BUENOS AIRES'),
 ('2718','NULL','NULL','NULL','INTERIOR 1','BUENOS AIRES'),
 ('2720','NULL','NULL','NULL','INTERIOR 1','BUENOS AIRES'),
 ('2721','NULL','NULL','NULL','INTERIOR 1','BUENOS AIRES'),
 ('2722','GENERAL LOPEZ','WHEELWRIGHT','NULL','INTERIOR 2','SANTA FE'),
 ('2723','NULL','NULL','NULL','INTERIOR 1','BUENOS AIRES'),
 ('2724','GENERAL LOPEZ','URQUIZA','NULL','INTERIOR 1','SANTA FE'),
 ('2725','NULL','NULL','NULL','INTERIOR 2','SANTA FE'),
 ('2726','NULL','NULL','NULL','INTERIOR 1','SANTA FE'),
 ('2728','NULL','NULL','NULL','INTERIOR 1','SANTA FE'),
 ('2729','NULL','NULL','NULL','INTERIOR 1','SANTA FE'),
 ('2732','NULL','NULL','NULL','INTERIOR 1','SANTA FE'),
 ('2740','NULL','NULL','NULL','INTERIOR 2','BUENOS AIRES'),
 ('2741','NULL','NULL','NULL','INTERIOR 2','BUENOS AIRES'),
 ('2743','NULL','NULL','NULL','INTERIOR 1','BUENOS AIRES'),
 ('2745','NULL','NULL','NULL','INTERIOR 1','BUENOS AIRES'),
 ('2747','NULL','NULL','NULL','INTERIOR 1','BUENOS AIRES'),
 ('2749','SALTO','BERDIER','NULL','INTERIOR 1','BUENOS AIRES'),
 ('2751','NULL','NULL','NULL','INTERIOR 1','BUENOS AIRES'),
 ('2752','NULL','NULL','NULL','INTERIOR 1','BUENOS AIRES');
INSERT INTO "company" ("store_id","platform","platform_token_type","platform_access_token","store_name","store_main_language","store_main_currency","store_country","store_url","store_plan","store_phone","store_address","store_idfiscal","admin_email","communication_email","communication_email_name","param_logo","param_fondo","param_config","contact_name","contact_phone","contact_email","correo_usado","correo_apikey","correo_id","correo_test","correo_cost","stock_vuelve_config","correo_apikey_test","correo_id_test","shipping_address","shipping_number","shipping_floor","shipping_zipcode","shipping_city","shipping_province","shipping_country","shipping_info","aprobado_note","rechazado_note","envio_manual_note","envio_coordinar_note","envio_correo_note","cupon_generado_note","finalizado_note","confirma_manual_note","confirma_coordinar_note","confirma_domicilio_note","confirma_retiro_note","orden_solicitada_asunto","orden_iniciada_asunto","orden_confirmada_asunto","orden_rechazada_asunto","orden_aprobada_asunto","cupon_generado_asunto","orden_finalizada_asunto","orden_solicitada_habilitado","orden_iniciada_habilitado","orden_confirmada_habilitado","orden_rechazada_habilitado","orden_aprobada_habilitado","cupon_generado_habilitado","orden_finalizada_habilitado","encuesta","habilitado","pagos","start_date","demo_store","rubro_tienda","plan_boris") VALUES ('1447373','tiendanube','bearer','cb9d4e17f8f0c7d3c0b0df4e30bcb2b036399e16','Demo Boris',NULL,NULL,NULL,'https://demoboris.mitiendanube.com',NULL,'','','','erezzonico@borisreturns.com','soporte@borisreturns.com','Cambios Boris','//frontprod.borisreturns.com/static/images/BorisReturns.png',NULL,NULL,'Esteban','','erezzoni@outllok.com',NULL,NULL,NULL,NULL,'customer',1,NULL,NULL,'Cuba','1965','','1428','CABA','CABA','AR','Dejar en Porteria','','',NULL,NULL,NULL,'','','','','',NULL,'Tu orden ha sido iniciada',NULL,'Tu orden ha sido confirmada','Tu orden ha sido rechazada','Tu orden ha sido aprobada','Hemos generado tu cupón','Hemos finalizado la gestión de tu orden!',NULL,NULL,1,1,1,1,1,NULL,NULL,1,NULL,NULL,NULL,'Plan_D'),
 ('1082184','tiendanube','bearer','a55e4bb6351e2164750cf0da9fa226a773453ea9','Mini Juli',NULL,NULL,NULL,NULL,NULL,NULL,NULL,NULL,NULL,NULL,NULL,NULL,NULL,NULL,NULL,NULL,NULL,NULL,NULL,NULL,NULL,NULL,NULL,NULL,NULL,NULL,NULL,NULL,NULL,NULL,NULL,NULL,NULL,NULL,NULL,NULL,NULL,NULL,NULL,NULL,NULL,NULL,NULL,NULL,NULL,NULL,NULL,NULL,NULL,NULL,NULL,NULL,NULL,NULL,NULL,NULL,NULL,NULL,NULL,NULL,NULL,NULL,NULL,NULL,NULL),
 ('1538184','tiendanube','bearer','03082259265e88b069482dc01703969afaabc34c','Laracasa',NULL,NULL,NULL,NULL,NULL,NULL,NULL,NULL,NULL,NULL,NULL,NULL,NULL,NULL,NULL,NULL,NULL,NULL,NULL,NULL,NULL,NULL,NULL,NULL,NULL,NULL,NULL,NULL,NULL,NULL,NULL,NULL,NULL,NULL,NULL,NULL,NULL,NULL,NULL,NULL,NULL,NULL,NULL,NULL,NULL,NULL,NULL,NULL,NULL,NULL,NULL,NULL,NULL,NULL,NULL,NULL,NULL,NULL,NULL,NULL,NULL,NULL,NULL,NULL,NULL),
 ('175650','tiendanube','bearer','7f36ac20fc9d7c284836d8a981d3b4968bf861db','TEE',NULL,NULL,NULL,NULL,NULL,NULL,NULL,NULL,NULL,NULL,NULL,NULL,NULL,NULL,NULL,NULL,NULL,NULL,NULL,NULL,NULL,NULL,NULL,NULL,NULL,NULL,NULL,NULL,NULL,NULL,NULL,NULL,NULL,NULL,NULL,NULL,NULL,NULL,NULL,NULL,NULL,NULL,NULL,NULL,NULL,NULL,NULL,NULL,NULL,NULL,NULL,NULL,NULL,NULL,NULL,NULL,NULL,NULL,NULL,NULL,NULL,NULL,NULL,NULL,NULL),
 ('1149185','tiendanube','bearer','d38b3da22e3cd30d15c1bc95c4fc8f2108cf73a2','Lennoon Indumentaria',NULL,NULL,NULL,NULL,NULL,NULL,NULL,NULL,NULL,NULL,NULL,NULL,NULL,NULL,NULL,NULL,NULL,NULL,NULL,NULL,NULL,NULL,NULL,NULL,NULL,NULL,NULL,NULL,NULL,NULL,NULL,NULL,NULL,NULL,NULL,NULL,NULL,NULL,NULL,NULL,NULL,NULL,NULL,NULL,NULL,NULL,NULL,NULL,NULL,NULL,NULL,NULL,NULL,NULL,NULL,NULL,NULL,NULL,NULL,NULL,NULL,NULL,NULL,NULL,NULL),
 ('1136131','tiendanube','bearer','d683c1526fa93fe190b3375639fc024212149ee4','Chiru Trend',NULL,NULL,NULL,NULL,NULL,NULL,NULL,NULL,NULL,NULL,NULL,NULL,NULL,NULL,NULL,NULL,NULL,NULL,NULL,NULL,NULL,NULL,NULL,NULL,NULL,NULL,NULL,NULL,NULL,NULL,NULL,NULL,NULL,NULL,NULL,NULL,NULL,NULL,NULL,NULL,NULL,NULL,NULL,NULL,NULL,NULL,NULL,NULL,NULL,NULL,NULL,NULL,NULL,NULL,NULL,NULL,NULL,NULL,NULL,NULL,NULL,NULL,NULL,NULL,NULL),
 ('1131725','tiendanube','bearer','5e2c8186763ce4d2406803c955b4ebd8a6185e39','Aquelarre',NULL,NULL,NULL,NULL,NULL,NULL,NULL,NULL,NULL,NULL,NULL,NULL,NULL,NULL,NULL,NULL,NULL,NULL,NULL,NULL,NULL,NULL,NULL,NULL,NULL,NULL,NULL,NULL,NULL,NULL,NULL,NULL,NULL,NULL,NULL,NULL,NULL,NULL,NULL,NULL,NULL,NULL,NULL,NULL,NULL,NULL,NULL,NULL,NULL,NULL,NULL,NULL,NULL,NULL,NULL,NULL,NULL,NULL,NULL,NULL,NULL,NULL,NULL,NULL,NULL),
 ('199260','tiendanube','bearer','d1b8a7acd9a0cc4d7bce4bfbb7ccc9c1d09f1f7f','las Urquiza',NULL,NULL,NULL,NULL,NULL,NULL,NULL,NULL,NULL,NULL,NULL,NULL,NULL,NULL,NULL,NULL,NULL,NULL,NULL,NULL,NULL,NULL,NULL,NULL,NULL,NULL,NULL,NULL,NULL,NULL,NULL,NULL,NULL,NULL,NULL,NULL,NULL,NULL,NULL,NULL,NULL,NULL,NULL,NULL,NULL,NULL,NULL,NULL,NULL,NULL,NULL,NULL,NULL,NULL,NULL,NULL,NULL,NULL,NULL,NULL,NULL,NULL,NULL,NULL,NULL),
 ('2465639','tiendanube','bearer','5f3c66e13ffac89df98c5d1fe6d25e638bedb914','Birsa',NULL,NULL,NULL,NULL,NULL,NULL,NULL,NULL,NULL,NULL,NULL,NULL,NULL,NULL,NULL,NULL,NULL,NULL,NULL,NULL,NULL,NULL,NULL,NULL,NULL,NULL,NULL,NULL,NULL,NULL,NULL,NULL,NULL,NULL,NULL,NULL,NULL,NULL,NULL,NULL,NULL,NULL,NULL,NULL,NULL,NULL,NULL,NULL,NULL,NULL,NULL,NULL,NULL,NULL,NULL,NULL,NULL,NULL,NULL,NULL,NULL,NULL,NULL,NULL,NULL),
 ('677573','tiendanube','bearer','20c04e12aa947c0df86df18d47db8f861cd5dcb1','Soma Leather',NULL,NULL,NULL,NULL,NULL,NULL,NULL,NULL,NULL,NULL,NULL,NULL,NULL,NULL,NULL,NULL,NULL,NULL,NULL,NULL,NULL,NULL,NULL,NULL,NULL,NULL,NULL,NULL,NULL,NULL,NULL,NULL,NULL,NULL,NULL,NULL,NULL,NULL,NULL,NULL,NULL,NULL,NULL,NULL,NULL,NULL,NULL,NULL,NULL,NULL,NULL,NULL,NULL,NULL,NULL,NULL,NULL,NULL,NULL,NULL,NULL,NULL,NULL,NULL,NULL),
 ('79418','tiendanube','bearer','b2374008d0475b8b2caff0ccb8e9397e6e6541b2','Florencia Casarsa',NULL,NULL,NULL,NULL,NULL,NULL,NULL,NULL,NULL,NULL,NULL,NULL,NULL,NULL,NULL,NULL,NULL,NULL,NULL,NULL,NULL,NULL,NULL,NULL,NULL,NULL,NULL,NULL,NULL,NULL,NULL,NULL,NULL,NULL,NULL,NULL,NULL,NULL,NULL,NULL,NULL,NULL,NULL,NULL,NULL,NULL,NULL,NULL,NULL,NULL,NULL,NULL,NULL,NULL,NULL,NULL,NULL,NULL,NULL,NULL,NULL,NULL,NULL,NULL,NULL),
 ('1207511','tiendanube','bearer','1054fc8ab86b29254522b1e2235e0fd7b06d9e93','Maleva Fitness',NULL,NULL,NULL,NULL,NULL,NULL,NULL,NULL,NULL,NULL,NULL,NULL,NULL,NULL,NULL,NULL,NULL,NULL,NULL,NULL,NULL,NULL,NULL,NULL,NULL,NULL,NULL,NULL,NULL,NULL,NULL,NULL,NULL,NULL,NULL,NULL,NULL,NULL,NULL,NULL,NULL,NULL,NULL,NULL,NULL,NULL,NULL,NULL,NULL,NULL,NULL,NULL,NULL,NULL,NULL,NULL,NULL,NULL,NULL,NULL,NULL,NULL,NULL,NULL,NULL),
 ('2465640',NULL,NULL,NULL,NULL,NULL,NULL,NULL,NULL,NULL,NULL,NULL,NULL,NULL,NULL,NULL,NULL,NULL,NULL,NULL,NULL,NULL,NULL,NULL,NULL,NULL,NULL,NULL,NULL,NULL,NULL,NULL,NULL,NULL,NULL,NULL,NULL,NULL,NULL,NULL,NULL,NULL,NULL,NULL,NULL,NULL,NULL,NULL,NULL,NULL,NULL,NULL,NULL,NULL,NULL,NULL,NULL,NULL,NULL,NULL,NULL,NULL,NULL,NULL,NULL,NULL,NULL,NULL,NULL,NULL);
INSERT INTO "correos" ("correo_id","correo_descripcion","correo_mail") VALUES ('CRAB','CRAB','Customer@crab.ar'),
 ('FAST','Fastmail','consultas@fastmail.com.ar'),
 ('NONE','None',NULL);
INSERT INTO "customer" ("id","platform","name","email","identification","phone") VALUES ('52507638','tiendanube','Esteban Rezzonico','erezzoni@gmail.com','22444555','');
INSERT INTO "metodos_envios" ("metodo_envio_id","metodo_envio_descripcion","carrier","direccion_obligatoria","icon") VALUES ('Coordinar','Metodo preferido pro el Merchant',0,1,'bi bi-headphones'),
 ('Domicilio','Retiro por el domicilio del cliente',1,1,'bi bi-house-fill'),
 ('Manual','El cliente se ocupa de llevar los productos',0,0,'bi bi-handbag');
INSERT INTO "CONF_boris" ("store","ventana_cambios","ventana_devolucion","cambio_otra_cosa","cambio_cupon","observaciones","cambio_opcion","cambio_opcion_cupon","cambio_opcion_otra_cosa","portal_empresa","portal_titulo","portal_texto") VALUES ('1447373',720,720,1,1,1,'Seleccioná si queres cambiarlo por una variante del mismo artículo, un cupón u otro producto','Seleccioná esta opción para obtener un cupón de crédito en nuestra tienda','Elegí en nuestra tienda el artículo que querés, ingresá el nombre ','Demo Boris','Cambios y Devoluciones','Ante cualquier problema contactanos a soporte@borisreturns.com');
INSERT INTO "CONF_correo" ("id","store","correo_id","cliente_apikey","cliente_id","user","passw","habilitado") VALUES ('FAST1447373','1447373','FAST','UOuRPoNE3ZjitXxPZ8WDrcZ4P1Yt5xKMxUv69M9tOSlMiO2zz60pS49fBRYq','354',NULL,NULL,1),
 ('CRAB1447373','1447373','CRAB','rqTDWZg18UsDHorPFAC9YmxWL9kAG2yYltxluP0r5kQk0OWo2q0rU19gVIhU','23',NULL,NULL,1);
INSERT INTO "CONF_metodos_envios" ("store","metodo_envio_id","habilitado","titulo_boton","descripcion_boton","correo_id","correo_descripcion","correo_servicio","correo_sucursal","costo_envio","instrucciones_entrega","roundtrip","icon") VALUES ('1447373','Coordinar',1,'Coordina el método de retiro','Para CABA: Una moto lo retira en tu domicilio en 48 Hs. (costo $400)<br>
Para el Resto del Pais: Acercate a la sucursal de OCA mas cercana y <br>usa una etiqueta que te enviaremos por mail. (Costo $450)',NULL,NULL,'','',NULL,'<br>
<strong> Cambios </strong> <br>
Tu pedido ya se encuentra listo para pasar a retirar. Te esperamos en:<br>
Dirección: Uruguay 2522, Beccar. Oficina 208.<br>
Horarios: De lunes a viernes de 10:00 a 16:30 hs <br>
<br>
<strong> Devolución </strong><br>
Pasá a devolver tu pedido por nuestras oficinas: <br>
Dirección: Uruguay 2522, Beccar. Oficina 208. <br>
Horarios: De lunes a viernes de 10:00 a 16:30 hs <br>
<br>
Reembolso de tu dinero: Se efectuará por el monto total o parcial a la cuenta bancaria con la cual realizaste la compra inicialmente, una vez que recibamos y controlemos el paquete en nuestras oficinas.<br>
<br>
a) Tarjeta de Crédito: Verás impactada la devolución en el próximo resumen de tu tarjeta.
<br>
b) Transferencias / Tarjeta de Débito: 3 a 5 días hábiles una vez aprobada la devolución.<br>',NULL,NULL),
 ('1447373','Manual',1,'Traer la orden a nuestro local','Acercanos el/los productos a nuestro local en Belgrano<br>ubicado en la Av. Cabildo 1550',NULL,NULL,'','',NULL,'Recordá que tenes que traerlos a Cabildo 1550',NULL,NULL),
 ('1447373','Domicilio',1,'Retiramos en tu Domicilio','Un mensajero pasará<br>
a retirarlo por tu domicilio','FAST','Fastmail','15','MA002','Customer','- Embalá tus productos cuidadosamente<br>
- Pega la etiqueta que te enviaremos por mail<br>
- Entrega el paquete al mensajero',NULL,NULL);
INSERT INTO "CONF_motivos" ("store","id_motivo","motivo","tipo_motivo") VALUES ('1447373',0,'No me queda bien','Calce'),
 ('1447373',1,'Es grande','Talle'),
 ('1447373',2,'Es chico','Talle'),
 ('1447373',3,'Tiene una Falla','Calidad'),
 ('1447373',5,'No gusta color','Color');
INSERT INTO "order_header" ("id","order_number","order_id_anterior","date_creation","date_closed","date_lastupdate","gastos_cupon","salientes","gastos_gateway","gastos_shipping_owner","gastos_shipping_customer","gastos_promocion","payment_method","payment_card","courier_method","metodo_envio_correo","metodo_envio_guia","etiqueta_generada","courier_precio","reembolsado","reembolso_metodo","courier_coordinar_empresa","courier_coordinar_guia","courier_coordinar_roundtrip","nuevo_envio","nuevo_envio_costo","nuevo_envio_total","status","sub_status","status_resumen","reject_reason","customer_address","customer_number","customer_floor","customer_zipcode","customer_locality","customer_city","customer_province","customer_country","note","customer_id","store") VALUES (1,296,'1356542210','2023-09-25 15:13:43.672854',NULL,'2023-09-25 15:13:43.672854',0.0,'No',660.0,0.0,0.0,1100.0,'offline',NULL,'Coordinar','','',0,'0',NULL,NULL,NULL,NULL,NULL,NULL,0.0,0.0,'Shipping','Solicitado','Solicitado',NULL,'Cuba','1965','','1428','Belgrano','Capital Federal','Capital Federal','AR',NULL,'52507638','1447373'),
 (2,262,'516794626','2022-03-14 13:37:11.804117',NULL,'2022-03-14 13:37:11.804117',0.0,'Si',505.0,0.0,0.0,0.0,'offline',NULL,'Coordinar','','',0,'0',NULL,NULL,NULL,NULL,NULL,NULL,0.0,0.0,'Shipping','Solicitado','Solicitado',NULL,'Cuab','1965','','1428','Belgrano','Capital Federal','Capital Federal','AR',NULL,'52507638','1447373'),
 (3,264,'523678671','2022-03-14 13:39:03.917492',NULL,'2022-03-14 13:39:03.917492',0.0,'No',430.0,0.0,0.0,0.0,'offline',NULL,'Manual','','',0,'0',NULL,NULL,NULL,NULL,NULL,NULL,0.0,0.0,'Shipping','Solicitado','Solicitado',NULL,'Cuba','1965','','1428','','Capital Federal','Capital Federal','AR',NULL,'52507638','1447373'),
 (4,265,'523679651','2022-03-14 13:39:50.926420',NULL,'2022-03-14 13:39:50.926420',0.0,'Si',550.0,0.0,0.0,0.0,'offline',NULL,'Domicilio','','',0,'671.41',NULL,NULL,NULL,NULL,NULL,NULL,0.0,0.0,'Shipping','Solicitado','Solicitado',NULL,'Cuab','1965','','1428','Belgrano','Capital Federal','Capital Federal','AR',NULL,'52507638','1447373'),
 (5,266,'524553859','2022-03-14 13:43:46.597837','2024-01-24 22:08:04.188238','2024-01-24 22:08:00.833753',0.0,'No',440.0,0.0,0.0,0.0,'offline',NULL,'Manual','','',0,'0',NULL,NULL,NULL,NULL,0,NULL,0.0,0.0,'Cerrado','Cerrado','Cerrado',NULL,'Cuab','1965','','1428','Belgrano','Capital Federal','Capital Federal','AR',NULL,'52507638','1447373'),
 (6,276,'595330022','2022-08-26 15:58:51.241312',NULL,'2022-08-26 15:58:51.241312',0.0,'No',590.0,1.23,1.23,0.0,'offline',NULL,'Manual','','',0,'0',NULL,NULL,NULL,NULL,NULL,NULL,0.0,0.0,'Shipping','Solicitado','Solicitado',NULL,'Cuba','1965','','1428','Belgrano','Capital Federal','Capital Federal','AR',NULL,'52507638','1447373'),
 (7,278,'715487983','2022-09-11 12:50:56.142527',NULL,'2024-01-24 19:28:53.494401',0.0,'Si',1160.0,0.0,0.0,0.0,'offline',NULL,'Coordinar','','',0,'0',NULL,NULL,NULL,NULL,0,NULL,0.0,0.0,'En Proceso','Aprobado','Aprobado',NULL,'Aguilar ','2190','','1428','Belgrano','Capital Federal','Capital Federal','AR',NULL,'52507638','1447373'),
 (8,279,'715494377','2022-09-11 12:52:41.790273',NULL,'2022-09-11 12:52:41.790273',45.0,'Si',515.5,0.0,0.0,1500.0,'offline',NULL,'Manual','','',0,'0',NULL,NULL,NULL,NULL,NULL,NULL,0.0,0.0,'Shipping','Solicitado','Solicitado',NULL,'Aguilar','2190','','1426','Belgrano','Capital Federal','Capital Federal','AR',NULL,'52507638','1447373');
INSERT INTO "user" ("id","username","identification","email","password_hash","last_seen","store") VALUES (1,'Esteban',NULL,'erezzoni@outlook.com','pbkdf2:sha256:150000$EeJSQ1hk$3258eb8e2934f8633248d7e2e569bdf84ccb72e5161c6581dad2529a6a4a21d2','2024-01-24 22:08:04.338797','1447373');
INSERT INTO "order_detail" ("order_line_number","line_number","prod_id","name","variant","accion","accion_cambiar_por","accion_cambiar_por_prod_id","accion_cambiar_por_desc","accion_cantidad","motivo","monto_a_devolver","monto_devuelto","nuevo_envio","restock","precio","alto","largo","profundidad","peso","promo_descuento","promo_nombre","promo_precio_final","gestionado","fecha_gestionado","observaciones","order") VALUES ('13565422101',1,'70975527','MONO DES LILAS (M)','261651694','devolver',NULL,NULL,NULL,1,'Es grande',2000.0,0.0,NULL,NULL,2000.0,0.0,0.0,0.0,0.0,0.0,'',0.0,'Iniciado',NULL,NULL,1),
 ('5167946261',1,'70391381','Remera Fiesta (03, Gris)','258848619','cambiar','258848616','70391381','Remera Fiesta (01 - Azul)',1,'Es grande',0.0,0.0,NULL,NULL,50.0,0.0,0.0,0.0,0.0,0.0,'',0.0,'Iniciado',NULL,'largo de mangs',2),
 ('5236786711',1,'73925636','Sweater Parade (Beige, XS)','278103354','devolver',NULL,NULL,NULL,1,'No me queda bien',2000.0,0.0,NULL,NULL,2000.0,0.0,0.0,0.0,0.0,0.0,'',0.0,'Iniciado',NULL,NULL,3),
 ('5236796511',1,'70975527','MONO DES LILAS (S)','261651693','cambiar','258846869','70390472','Jean skinny Demouno(Negro,03)',1,'No me queda bien',0.0,0.0,NULL,NULL,2000.0,0.0,0.0,0.0,0.0,0.0,'',0.0,'Iniciado',NULL,'en la cintura',4),
 ('5245538591',1,'70391624','VESTIDO ACANTILADO (Blanco, M)','258849992','devolver',NULL,NULL,NULL,1,'Mala calidad',2200.0,2200.0,NULL,'Vuelve al stock',2200.0,0.0,0.0,0.0,0.0,0.0,'',0.0,'Si','2024-01-24 22:08:04.133728','Esta manchado en la falda',5),
 ('5953300221',1,'70391624','VESTIDO ACANTILADO (Blanco, M)','258849992','devolver',NULL,NULL,NULL,1,'No me queda bien',2200.0,0.0,NULL,NULL,2200.0,0.0,0.0,0.0,0.0,0.0,'',0.0,'Iniciado',NULL,NULL,6),
 ('7154879831',1,'73924303','Sweater Uno (M)','278100358','cambiar','278100359','73924303','Sweater Uno (L)',2,'Es grande',0.0,7000.0,NULL,'Vuelve al stock',3500.0,0.0,0.0,0.0,0.0,0.0,'',0.0,'Devuelto','2024-01-24 19:28:55.824320',NULL,7),
 ('7154879832',2,'80964673','GIft Card','314193983','cambiar','1','1','Cupón',1,'No me queda bien',0.0,100.0,NULL,'Vuelve al stock',100.0,0.0,0.0,0.0,0.0,0.0,'',0.0,'Si','2024-01-24 19:29:03.288524',NULL,7),
 ('7154879834',4,'70975527','MONO DES LILAS (M)','261651694','devolver',NULL,NULL,NULL,1,'No gusta color',2000.0,2000.0,NULL,'Vuelve al stock',2000.0,0.0,0.0,0.0,0.0,0.0,'',0.0,'Si','2024-01-24 19:28:57.302128',NULL,7),
 ('7154943771',1,'70390472','Jean skinny Demouno (Negro, 00)','258846866','devolver',NULL,NULL,NULL,1,'No me queda bien',1500.0,0.0,NULL,NULL,1500.0,0.0,0.0,0.0,0.0,0.0,'2x1',1500.0,'Iniciado',NULL,NULL,8),
 ('7154943772',2,'70390472','Jean skinny Demouno (Bordó, 01)','258846873','cambiar','258846868','70390472','Jean skinny Demouno (Negro - 02)',1,'Es grande',0.0,0.0,NULL,NULL,1500.0,0.0,0.0,0.0,0.0,1500.0,'2x1',0.0,'Iniciado',NULL,NULL,8);
INSERT INTO "transaction_log" ("id","sub_status","status_client","prod","fecha","username","order_id","user_id") VALUES (1,'Listo para retiro','Solicitud confirmada',NULL,'2024-01-24 19:28:49.251689','Esteban',7,1),
 (2,'Recibido','Llego a nuestro depósito',NULL,'2024-01-24 19:28:51.036364','Esteban',7,1),
 (3,'Aprobado','Tu orden fue aprobada',NULL,'2024-01-24 19:28:53.501506','Esteban',7,1),
 (4,'Prenda devuleta a Stock','No','Sweater Uno (M) Vuelve al stock','2024-01-24 19:28:55.846666','Esteban',7,1),
 (5,'Prenda devuleta a Stock','No','GIft Card Vuelve al stock','2024-01-24 19:28:56.262917','Esteban',7,1),
 (6,'Prenda devuleta a Stock','No','MONO DES LILAS (M) Vuelve al stock','2024-01-24 19:28:57.323835','Esteban',7,1),
 (7,'Orden de cambio iniciada','Se generó el cambio','GIft Card Se genera cupon: 278VCZODDF17 por un total de300','2024-01-24 19:29:03.288524','Esteban',7,1),
 (8,'Listo para retiro','Solicitud confirmada',NULL,'2024-01-24 22:07:57.073448','Esteban',5,1),
 (9,'Recibido','Llego a nuestro depósito',NULL,'2024-01-24 22:07:59.964746','Esteban',5,1),
 (10,'Aprobado','Tu orden fue aprobada',NULL,'2024-01-24 22:08:00.840751','Esteban',5,1),
 (11,'Prenda devuleta a Stock','No','VESTIDO ACANTILADO (Blanco, M) Vuelve al stock','2024-01-24 22:08:04.134640','Esteban',5,1),
 (12,'Cerrado','Tu orden fue finalizada','Cerrado ','2024-01-24 22:08:04.193228','Esteban',5,1);
CREATE INDEX IF NOT EXISTS "ix_company_platform" ON "company" (
	"platform"
);
CREATE INDEX IF NOT EXISTS "ix_company_store_id" ON "company" (
	"store_id"
);
CREATE INDEX IF NOT EXISTS "ix_customer_email" ON "customer" (
	"email"
);
CREATE INDEX IF NOT EXISTS "ix_customer_name" ON "customer" (
	"name"
);
CREATE INDEX IF NOT EXISTS "ix_customer_platform" ON "customer" (
	"platform"
);
CREATE INDEX IF NOT EXISTS "ix_order_header_metodo_envio_guia" ON "order_header" (
	"metodo_envio_guia"
);
CREATE INDEX IF NOT EXISTS "ix_order_header_order_number" ON "order_header" (
	"order_number"
);
CREATE INDEX IF NOT EXISTS "ix_user_email" ON "user" (
	"email"
);
CREATE INDEX IF NOT EXISTS "ix_user_id" ON "user" (
	"id"
);
CREATE INDEX IF NOT EXISTS "ix_user_identification" ON "user" (
	"identification"
);
CREATE UNIQUE INDEX IF NOT EXISTS "ix_user_username" ON "user" (
	"username"
);
COMMIT;
